note	words	ids	rows	depths	best	fulltext_on_disk	bullets_ok	prior_hit
aghajanyan2020intrinsic.md	918	2012.13255	68	68:L3:full (main text)	full	True	True	
arora2023skills.md	894	2307.15936	141	141:L5:full (no appendix)	full	True	True	
blier2018description.md	1029	1802.07044	64	64:L3:sections read (1-5, App. A)	sections	True	True	
brown2024monkeys.md	942	2407.21787	2	2:L1:sections read (1-3, 5, App. C-D)	sections	True	True	
burden2023triangulation.md	887	2309.11975	40	40:L2:sections read (Sec. 1-8, App. A)	sections	True	True	
burnell2023revealing.md	850	2306.10062	101	101:L4:full (figures not read)	full	True	True	
chen2021evaluating.md	918	2107.03374	1	1:L1:sections read (2.1, 3.3-3.4, App. A)	sections	True	True	
davidson2023retraining.md	939	2312.07413	7	7:L1:sections read (1-2, 4, parts of 3 and 5, App. A)	sections	True	True	
deeb2024unlearning.md	1113	2410.08827	36	36:L2:full (Sec. 1-8, App. A-H)	full	True	True	
ethayarajh2022vusable.md	946	2110.08420	66	66:L3:sections read (1-3, 4.4, 5-7)	sections	True	True	
firestone2020performance.md	861	10.1073/pnas.1905334117	39	39:L2:full	full	n/a (non-arXiv)	True	
greenblatt2024passwordlocked.md	1272	2405.19550	31,33	31:L1:abstract || 33:L2:sections read (Sec. 1-9, App. B, D, F, G)	sections	True	True	
harding2024capability.md	1365	2405.08989	37	37:L2:full	full	True	True	
hernandezorallo2017evaluation.md	1147	1408.6908	42,43	42:L2:sections read (Sec. 1, 2.1, 3, 4) || 43:L2:sections read (intro, ACC/capability/generality definitions)	sections	True	True	
hewitt2019control.md	1294	1909.03368	93,163	93:L3:abstract || 163:L6:full	full	True	True	
hilton2023singleagent.md	803	2301.13442	9	9:L1:sections read (1-2, 4.5, 5, App. A)	sections	True	True	
hofmann2025fluid.md	894	2509.11106	107	107:L4:sections read (1-4, 6-8, App. A-E)	sections	True	True	
hofstatter2025elicitation.md	963	2502.02180	35	35:L2:sections read (Sec. 1-6, App. A.4, D)	sections	True	True	
hu2023passuntil.md	1120	2310.03262	5	5:L1:sections read (1, 3-7, App. A, B.1, E.2)	sections	True	True	
huang2025bestofn.md	984	2503.21878	136	136:L5:sections read (1-4, 5 opening, 6)	sections	True	True	
hupkes2020compositionality.md	1095	1908.08351	138	138:L5:sections read (1, 3, 4, 6.1-6.4, 7)	sections	True	True	
jain2023mechanistically.md	1338	2311.12786	58,164	58:L2:sections read (abstract, Sec. 3, 5.2, App. E.3) || 164:L6:sections read (1-6, App. D, E, F)	sections	True	True	
jones2021boardgames.md	827	2104.03113	8	8:L1:full (excluding appendix)	full	True	True	
jones2025forecasting.md	945	2502.16797	10	10:L1:sections read (1, 3-4, 7, App. B.1)	sections	True	True	
kazdan2025passk.md	1088	2510.05197	4	4:L1:sections read (1-6, App. B, D.2)	sections	True	True	
keysers2020cfq.md	892	1912.09713	139	139:L5:sections read (1-2, 4, 5, 7)	sections	True	True	
korbak2022rlkl.md	1008	2205.11275	89,134	89:L3:abstract || 134:L5:full	full	True	True	
kwa2025timehorizon.md	1138	2503.14499	102	102:L4:sections read (1-3, App. A.3, B.1.3, C.3-C.4, E, H.1-H.2)	sections	True	True	
lin2023urial.md	943	2312.01552	69	69:L3:sections read (1-2, 5.1, 5.4, 6)	sections	True	True	
lindsey2024crosscoders.md	1281	2504.02922	169,170	169:L6:full (web) || 170:L6:sections read (Abstract, 2.2-3.1, 5)	full	True	True	
maier2025abilities.md	1071	https://plato.stanford.edu/entries/abilities	38	38:L2:full (Sec. 1-4; Sec. 5 skimmed)	full	n/a (non-arXiv)	True	
martinezplumed2019irt.md	963	10.1016/j.artint.2018.09.004,10.3233/978-1-61499-672-9-1140	104,105	104:L4:full || 105:L4:none: repository copy behind anti-bot wall, publisher 403	full	n/a (non-arXiv)	True	
mousavihosseini2026barrier.md	1167	2603.06957,2510.15020,2503.07453	137	137:L5:sections read (1-7)	sections	False	True	2503.07453,2510.15020
mukherjee2025subnetworks.md	902	2505.11711	70	70:L3:sections read (1-7)	sections	True	True	
okawa2023multiplicative.md	871	2310.09336	142	142:L5:sections read (1, 3, 4, 5)	sections	True	True	
phuong2024dangerous.md	1118	2403.13793	44	44:L2:sections read (Sec. 2, 6, 9, App. E.4-E.5)	sections	True	True	
polo2024tinybenchmarks.md	1019	2402.14992	99	99:L4:sections read (1-6, App. B, E)	sections	True	True	
prakash2024finetuning.md	1091	2402.14811	165	165:L6:full (main text; App. C headline)	full	True	True	
ruan2024observational.md	1064	2405.10938	32,100	32:L1:abstract || 100:L4:sections read (1-7, App. B.3, C.1-C.2)	sections	True	True	
schaeffer2023mirage.md	897	2304.15004	6	6:L1:sections read (1-7)	sections	True	True	
schaeffer2025generative.md	887	2509.24012	12	12:L1:sections read (1-3.1, 5, 8, App. B)	sections	True	True	
schaeffer2025powerlaws.md	1203	2502.17578	3	3:L1:sections read (1-5, 7, App. B, F)	sections	True	True	
shenfeld2025razor.md	1082	2509.04259	71	71:L3:sections read (1, 3-7, App. A)	sections	True	True	
shevlane2023extremerisks.md	715	2305.15324	41	41:L2:full	full	True	True	
shin2023superhuman.md	1146	2303.07462	168	168:L6:full (main text; SI not read)	full	True	True	
truong2026irsl.md	1109	2606.07616	106	106:L4:sections read (1-5, App. C-E)	sections	True	True	
vanderweij2024sandbagging.md	1048	2406.07358	34	34:L2:sections read (Sec. 1-8, App. A, F)	sections	True	True	
venhoff2025base.md	1249	2510.07364	167	167:L6:sections read (1-6, App. E; v1 abstract)	sections	True	True	
voita2020mdlprobing.md	1113	2003.12298	63	63:L3:sections read (1-4, 6)	sections	True	True	
ward2025repurposes.md	1115	2507.12638	166	166:L6:full	full	True	True	
whitney2020evaluating.md	964	2009.07368	67	67:L3:sections read (1-4, 5.2, 6-7)	sections	True	True	
wu2023counterfactual.md	865	2307.02477	143	143:L5:sections read (1-2.1, 3.4, 4-7)	sections	True	True	
wu2024rareoutputs.md	754	2410.13211	11	11:L1:sections read (1-3.1, 5-6)	sections	True	True	
xie2024xpo.md	1018	2405.21046	135	135:L5:sections read (1-4, App. D.1)	sections	True	True	
xu2020usable.md	905	2002.10689	65	65:L3:sections read (1-4, 6.3, 8, App. F)	sections	True	True	
yu2023skillmix.md	899	2310.17567	140	140:L5:sections read (1, 3.2, 5-8)	sections	True	True	
zhou2025adele.md	1018	2503.06378	103	103:L4:sections read (1-2, 3.1-3.3, 5.6-5.8, App. 8.2, 8.4)	sections	True	True	
