reader	n	resolution	note
L2	181	consistent	hit is method item '4. Relearning through Fine-tuning' inside Sec. 3 (lines 335-397)
L4	67	consistent	PDF page 1 = p. 1140, Sec. 1 (heading split across lines in PDF text)
L4	68	consistent	line 784 is Sec. 3 Methodology (p. 1143); 3PL Eq. 1 in Sec. 2.2
L4	69	consistent	PDF page 3 = p. 1142, Sec. 3 Methodology (line 304)
L4	70	consistent	PDF page 3 = p. 1142, Sec. 3
L4	71	consistent	PDF page 4 = p. 1143, Sec. 4 (instance analysis, heading ~line 638)
L4	72	consistent	PDF page 5 = p. 1144, between 4.1 and 4.2 (line 955)
L4	73	consistent	PDF page 5 = p. 1144, after '4.2 Understanding the guess parameter' (955), before Sec. 5 (1356)
L4	74	consistent	PDF page 6 = p. 1145, Sec. 5.1 (line 2106)
L4	75	consistent	PDF page 6 = p. 1145, Sec. 5.1
L4	76	consistent	PDF page 7 = p. 1146, Sec. 5.2 (line 2148)
L4	77	consistent	PDF page 8 = p. 1147, Sec. 6 Discussion (2327)
L4	78	consistent	PDF page 8 = p. 1147, Sec. 6
L4	79	consistent	PDF page 8 = p. 1147, Sec. 7 Conclusion (2379)
L4	147	consistent	page 18, under '7.1. DIF models'
L5	48	consistent	page 32, under '7.2 Summary of results' (1919-2024)
L5	49	consistent	page 32, Sec. 7.2
L5	50	consistent	page 33, Sec. 7.2
L5	68	consistent	lines 643/653 lie in 5.1 (582-1276); flag came from a table row read as a heading
L5	81	consistent	line 448 is item 3 of Sec. 7 (heading 438)
L5	127	consistent	TeX source: \section{Introduction} (68)
L5	128	consistent	TeX source: Sec. 1
L5	129	consistent	TeX: \subsection{Answering question 3} = 4.2 (456) and \section{How Good is The Policy Found?} = Sec. 6 (589)
L6	119	consistent	web heading '(2) Crosscoder Basics' (75)
L6	120	consistent	web heading '(4.3) Model Diffing Sonnet Finetuning' (249)
L6	121	consistent	(4.3)
L6	122	consistent	(4.3)
L6	123	consistent	(4.3)
L6	124	consistent	(4.3)
L6	125	consistent	(4.3)
L6	126	consistent	(4.3)
L6	127	consistent	web heading '(4.2) What Kind of Comparisons are Possible?' (217)
L6	128	consistent	(5.2) at 299 and (5.1) at 285
L1	2	consistent	line 308 in 2.1; Eq. (1) at 316
L1	129	consistent	line 181 in 3.1 (3.2 heading follows)
L4	27	consistent	line 487 in Sec. 5
L4	94	consistent	line 200 in 3.4; Fig. 12 caption at 925
L6	68	consistent	line 95 in 3.1 ('$\sim-13$ to $-8$')
L6	78	consistent	line 323 in Appendix C ('$\sim 83\%$')
L6	95	consistent	line 654 in 3.7 ('recovers $\sim\!20\%$')
