reader	n	category	note
L1	2	short-fragment, markup	'$n=200$ and $k\leq 100$' at line 308; Eq. (1) confirmed
L1	30	markup	'$\sim$2-4 orders of magnitude'
L1	128	markup	'\approx 1\times 10'
L1	129	markup	'$1.21\text{\times}{10}^{-1}$ to $3.75...$' line 181
L1	131	markup	'\mathord{\sim}5'
L1	132	markup	'\mathord{\sim}'
L1	149	inflection	source: SGD "stumbles in the dark"; ledger quotes "stumble in the dark" (meaning kept)
L1	161	markup	'p\sim Beta(\alpha,\beta)'
L2	74	window-edge, markup	'(ceteris paribus) the more reliably the model $\phi$ s'
L4	8	markup	'\tilde{Y}', '\mathds{1}', '\geq'
L4	20	window-edge, markup	'h\in[0.8,1.0]'
L4	21	markup	'\bar{C}_{m,f}'
L4	27	markup	'X^{\top}X(X_{\mathcal{M}}^{\top}X_{\mathcal{M}})^{-1}' line 487
L4	52	markup	'1/\sqrt{n}'
L4	88	window-edge, markup	'$\theta_{i}(s,t)$'
L4	94	markup	'the $\theta$ scales linearly with $\log\mathrm{FLOP}$' line 200
L4	103	markup	'$\theta_{i}=b_{j}$ (where $I=a_{j}^{2}/4$)' line 198
L4	158	nested-quotes	quotes 'We cannot determine ...' and 'as to how much the person probably knows' found (lines 73, 103)
L4	159	pdf-artefact	footnote marker: 'Specific Objectivity1 is the requirement ...'
L5	143	nested-quotes	quotes found in Defs. 3.5-3.6 (lines 299-313); paraphrase matches Def. 3.6
L6	29	markup	'\mathtt{reFT}'
L6	31	window-edge, markup	'\mathtt{Scr.+FT}', '$4.5$ K'
L6	33	short-fragment, markup	'Not in $\mathtt{PT}$' row 12/31/44/81% and caption found (line 321)
L6	35	markup	'\mathtt{...}'
L6	68	short-fragment, markup	'$\sim-13$ to $-8$' line 95
L6	78	short-fragment, markup	'$\sim 83\%$' line 323
L6	90	short-fragment, markup	'$\sim\!77\%$' line 672
L6	95	short-fragment, markup	'recovers $\sim\!20\%$' line 654
L6	96	editorial-bracket	'assume[s]'; full sentence 'they assume the diff can be explained ...' found
L6	99	pdf-artefact	'ACCEPTED ARTICLE' watermark between '58' and 'billion'
L6	106	pdf-artefact	'ACCEPTED ARTICLE' watermark
L6	172	pdf-artefact	two-column interleaving: '... whereas RL opti- / mizes for the single best move'
