C1_EIs0:la_transfer_1437	accept	True	
C1_EIs0:la_transfer_87	accept	True	/tmp/tmpdr1sd1_1/T.lean:1:17: warning: Variable name `S` is not explicitly referenced.
C1_EIs0:la_transfer_202	accept	True	/tmp/tmpfd2ncey8/T.lean:1:15: warning: Variable name `R` is not explicitly referenced.
C1_EIs0:la_transfer_543	accept	True	/tmp/tmpbyk3m7of/T.lean:1:11: warning: Variable name `P` is not explicitly referenced.
C1_EIs0:la_transfer_31	accept	True	/tmp/tmpw90bx9fx/T.lean:1:17: warning: Variable name `S` is not explicitly referenced.
C1_EIs0:la_transfer_191	accept	True	/tmp/tmpqn0j1ish/T.lean:1:17: warning: Variable name `S` is not explicitly referenced.
C1_EIs0:la_transfer_2038	accept	True	
C1_EIs0:la_transfer_1013	accept	True	/tmp/tmpuqf455x7/T.lean:1:15: warning: Variable name `R` is not explicitly referenced.
C1_EIs0:la_transfer_87	accept	True	/tmp/tmp5o81c8zl/T.lean:1:17: warning: Variable name `S` is not explicitly referenced.
C1_EIs0:la_transfer_330	accept	True	/tmp/tmpbb5pfztj/T.lean:1:13: warning: Variable name `Q` is not explicitly referenced.
C1_EIs0:la_transfer_616	accept	True	
C1_EIs0:la_transfer_31	accept	True	/tmp/tmp7gpu6zur/T.lean:1:17: warning: Variable name `S` is not explicitly referenced.
C1_EIs0:la_transfer_1423	accept	True	
C1_EIs0:la_transfer_191	accept	True	/tmp/tmpgars33cn/T.lean:1:17: warning: Variable name `S` is not explicitly referenced.
C1_EIs0:la_transfer_31	accept	True	/tmp/tmp1bkj5xud/T.lean:1:17: warning: Variable name `S` is not explicitly referenced.
C1_EIs0:la_transfer_202	accept	True	/tmp/tmpxcsknfir/T.lean:1:15: warning: Variable name `R` is not explicitly referenced.
C1_EIs0:la_transfer_202	accept	True	/tmp/tmp2pu337o_/T.lean:1:15: warning: Variable name `R` is not explicitly referenced.
C1_EIs0:la_transfer_1013	accept	True	/tmp/tmpz7u1bewh/T.lean:1:15: warning: Variable name `R` is not explicitly referenced.
C1_EIs0:la_transfer_1645	accept	True	
C1_EIs0:la_transfer_616	accept	True	
C1_EIs0:la_transfer_1893	accept	True	
C1_EIs0:la_transfer_191	accept	True	/tmp/tmpbg25qvj1/T.lean:1:17: warning: Variable name `S` is not explicitly referenced.
C1_EIs0:la_transfer_87	accept	True	/tmp/tmp2lw8o62_/T.lean:1:17: warning: Variable name `S` is not explicitly referenced.
C1_EIs0:la_transfer_543	accept	True	/tmp/tmp_jg7y8r1/T.lean:1:11: warning: Variable name `P` is not explicitly referenced.
C1_EIs0:la_transfer_616	accept	True	
C1_EIs0:la_transfer_2169	accept	True	
C1_EIs0:la_transfer_235	accept	True	/tmp/tmp3d6oh6c1/T.lean:1:13: warning: Variable name `Q` is not explicitly referenced.
C1_EIs0:la_transfer_235	accept	True	/tmp/tmpuzqdj2n8/T.lean:1:13: warning: Variable name `Q` is not explicitly referenced.
C1_EIs0:la_transfer_543	accept	True	/tmp/tmpfnsrs_b6/T.lean:1:11: warning: Variable name `P` is not explicitly referenced.
C1_EIs0:la_transfer_1277	accept	True	
C1_baseB:la_transfer_1932	accept	True	
C1_big:la_transfer_1932	accept	True	
C1_big:la_transfer_1932	accept	True	
C1_big:la_transfer_2169	accept	True	
C2_SNs0:la_transfer_1858	accept	True	/tmp/tmp91bafflk/T.lean:1:15: warning: Variable name `R` is not explicitly referenced.
C2_SNs0:la_transfer_381	accept	True	/tmp/tmp89vuko84/T.lean:1:11: warning: Variable name `P` is not explicitly referenced.
C2_SNs0:la_transfer_235	accept	True	/tmp/tmpkk9vbipn/T.lean:1:13: warning: Variable name `Q` is not explicitly referenced.
C2_SNs0:la_transfer_543	accept	True	/tmp/tmpzmxdor_q/T.lean:1:11: warning: Variable name `P` is not explicitly referenced.
C2_SNs0:la_transfer_235	accept	True	/tmp/tmplr5mykqp/T.lean:1:13: warning: Variable name `Q` is not explicitly referenced.
C2_SNs0:la_transfer_543	accept	True	/tmp/tmptl4_d5t8/T.lean:1:11: warning: Variable name `P` is not explicitly referenced.
C2_SNs0:la_transfer_2169	accept	True	
C2_SNs0:la_transfer_235	accept	True	/tmp/tmpmp_v8b86/T.lean:1:13: warning: Variable name `Q` is not explicitly referenced.
C2_SNs0:la_transfer_1277	accept	True	
C2_SNs0:la_transfer_1314	accept	True	/tmp/tmpm_i7asrb/T.lean:1:13: warning: Variable name `Q` is not explicitly referenced.
C2_SNs0:la_transfer_616	accept	True	
C2_SNs0:la_transfer_1437	accept	True	
C2_SNs1:la_transfer_235	accept	True	/tmp/tmpuiw5rv1r/T.lean:1:13: warning: Variable name `Q` is not explicitly referenced.
C2_SNs1:la_transfer_235	accept	True	/tmp/tmpz84fr8w5/T.lean:1:13: warning: Variable name `Q` is not explicitly referenced.
C2_SNs1:la_transfer_330	accept	True	/tmp/tmposl83mj6/T.lean:1:13: warning: Variable name `Q` is not explicitly referenced.
C2_SNs1:la_transfer_2169	accept	True	
C2_SNs1:la_transfer_1759	accept	True	/tmp/tmpxpyj8chf/T.lean:1:13: warning: Variable name `Q` is not explicitly referenced.
C2_SNs1:la_transfer_202	accept	True	/tmp/tmpnb5cbouo/T.lean:1:15: warning: Variable name `R` is not explicitly referenced.
C2_SNs1:la_transfer_1277	accept	True	
C2_SNs1:la_transfer_2038	accept	True	
C2_SNs1:la_transfer_1759	accept	True	/tmp/tmpxzflj9oe/T.lean:1:13: warning: Variable name `Q` is not explicitly referenced.
C2_SNs1:la_transfer_31	accept	True	/tmp/tmpabtl59at/T.lean:1:17: warning: Variable name `S` is not explicitly referenced.
C2_SNs1:la_transfer_588	accept	True	/tmp/tmpmwfx3kc4/T.lean:1:13: warning: Variable name `Q` is not explicitly referenced.
C2_SNs1:la_transfer_543	accept	True	/tmp/tmp8wwktxr7/T.lean:1:11: warning: Variable name `P` is not explicitly referenced.
C2_Ss0:la_transfer_202	accept	True	/tmp/tmpmkrmiqag/T.lean:1:15: warning: Variable name `R` is not explicitly referenced.
C2_Ss0:la_transfer_31	accept	True	/tmp/tmppyxv9fgo/T.lean:1:17: warning: Variable name `S` is not explicitly referenced.
C2_Ss0:la_transfer_235	accept	True	/tmp/tmp24mzd42w/T.lean:1:13: warning: Variable name `Q` is not explicitly referenced.
C2_Ss0:la_transfer_1423	accept	True	
C2_Ss0:la_transfer_1759	accept	True	/tmp/tmpfbm5jjk2/T.lean:1:13: warning: Variable name `Q` is not explicitly referenced.
C2_Ss0:la_transfer_235	accept	True	/tmp/tmpqoq8h32h/T.lean:1:13: warning: Variable name `Q` is not explicitly referenced.
C2_Ss0:la_transfer_235	accept	True	/tmp/tmpz0gqc8rf/T.lean:1:13: warning: Variable name `Q` is not explicitly referenced.
C2_Ss0:la_transfer_191	accept	True	/tmp/tmpsc6ke7v_/T.lean:1:17: warning: Variable name `S` is not explicitly referenced.
C2_Ss0:la_transfer_31	accept	True	/tmp/tmpv2jqbvea/T.lean:1:17: warning: Variable name `S` is not explicitly referenced.
C2_Ss0:la_transfer_1759	accept	True	/tmp/tmp2lutq6fi/T.lean:1:13: warning: Variable name `Q` is not explicitly referenced.
C2_Ss0:la_transfer_1423	accept	True	
C2_Ss0:la_transfer_1423	accept	True	
C2_Ss1:la_transfer_616	accept	True	
C2_Ss1:la_transfer_1759	accept	True	/tmp/tmp4o7qs_46/T.lean:1:13: warning: Variable name `Q` is not explicitly referenced.
C2_Ss1:la_transfer_235	accept	True	/tmp/tmp7ph510pd/T.lean:1:13: warning: Variable name `Q` is not explicitly referenced.
C2_Ss1:la_transfer_616	accept	True	
C2_Ss1:la_transfer_235	accept	True	/tmp/tmp_48a6_z9/T.lean:1:13: warning: Variable name `Q` is not explicitly referenced.
C2_Ss1:la_transfer_1423	accept	True	
C2_Ss1:la_transfer_202	accept	True	/tmp/tmpiohafjqn/T.lean:1:15: warning: Variable name `R` is not explicitly referenced.
C2_Ss1:la_transfer_235	accept	True	/tmp/tmp859wp54m/T.lean:1:13: warning: Variable name `Q` is not explicitly referenced.
C2_Ss1:la_transfer_543	accept	True	/tmp/tmpypwrcxpa/T.lean:1:11: warning: Variable name `P` is not explicitly referenced.
C2_Ss1:la_transfer_1423	accept	True	
C2_Ss1:la_transfer_616	accept	True	
C2_Ss1:la_transfer_149	accept	True	/tmp/tmpqgc1sknb/T.lean:1:13: warning: Variable name `Q` is not explicitly referenced.
C1_EIs0:la_transfer_1437:wrongthm	reject	False	/tmp/tmpaafydbjn/T.lean:2:18: error: Type mismatch
C1_EIs0:la_transfer_87:wrongexact	reject	False	/tmp/tmp3x5yvny_/T.lean:2:631: error: Type mismatch
C1_EIs0:la_transfer_202:trunc	reject	False	/tmp/tmphiua6pum/T.lean:3:0: error: unexpected end of input; expected ')', ',' or ':'
C1_EIs0:la_transfer_543:droplast	reject	False	/tmp/tmpp3pjeqqm/T.lean:3:0: error: unexpected end of input; expected ')', ',' or ':'
C1_EIs0:la_transfer_31:wrongthm	reject	False	/tmp/tmpcsnyi6bp/T.lean:2:26: error: Type mismatch
C1_EIs0:la_transfer_191:wrongexact	reject	False	/tmp/tmpcg1j10vu/T.lean:2:533: error: Type mismatch
C1_EIs0:la_transfer_2038:trunc	reject	False	/tmp/tmp73bnt0mz/T.lean:3:0: error: unexpected end of input; expected ')', ',' or ':'
C1_EIs0:la_transfer_1013:droplast	reject	False	/tmp/tmpnk9_otb7/T.lean:3:0: error: unexpected end of input; expected ')', ',' or ':'
C1_EIs0:la_transfer_87:wrongthm	reject	False	/tmp/tmphyqx7f_f/T.lean:2:34: error: Type mismatch
C1_EIs0:la_transfer_330:wrongexact	reject	False	/tmp/tmpv5fd8lky/T.lean:2:737: error(lean.unknownIdentifier): Unknown identifier `h1`
C1_EIs0:la_transfer_616:trunc	reject	False	/tmp/tmpxh054c7i/T.lean:3:0: error: unexpected end of input; expected '[', '{', '|' or '⦃'
C1_EIs0:la_transfer_31:droplast	reject	False	/tmp/tmptx96u40v/T.lean:3:0: error: unexpected end of input; expected ')', ',' or ':'
C1_EIs0:la_transfer_1423:wrongthm	reject	False	/tmp/tmpild9xulb/T.lean:2:26: error: Type mismatch
C1_EIs0:la_transfer_191:wrongexact	reject	False	/tmp/tmpctea54cz/T.lean:2:515: error: Type mismatch
C1_EIs0:la_transfer_31:trunc	reject	False	/tmp/tmp44txnpv_/T.lean:3:0: error: unexpected end of input; expected ')', ',' or ':'
C1_EIs0:la_transfer_202:droplast	reject	False	/tmp/tmpu8rc735q/T.lean:3:0: error: unexpected end of input; expected ')', ',' or ':'
C1_EIs0:la_transfer_202:wrongthm	reject	False	/tmp/tmpbzvna3hp/T.lean:2:32: error: Type mismatch
C1_EIs0:la_transfer_1013:wrongexact	reject	False	/tmp/tmp1xbk4sg0/T.lean:2:393: error: Type mismatch
C1_EIs0:la_transfer_1645:trunc	reject	False	/tmp/tmpz985xqr4/T.lean:3:0: error: unexpected end of input; expected ')', ',' or ':'
C1_EIs0:la_transfer_616:droplast	reject	False	/tmp/tmpmf2y3sop/T.lean:3:0: error: unexpected end of input; expected ')', ',' or ':'
C1_EIs0:la_transfer_1893:wrongthm	reject	False	/tmp/tmpy0q45a5y/T.lean:2:26: error: Type mismatch
C1_EIs0:la_transfer_191:wrongexact	reject	False	/tmp/tmpfjy75swd/T.lean:2:544: error: Type mismatch
C1_EIs0:la_transfer_87:trunc	reject	False	/tmp/tmptz6ov591/T.lean:3:0: error: unexpected end of input
C1_EIs0:la_transfer_543:droplast	reject	False	/tmp/tmptae3b_gt/T.lean:3:0: error: unexpected end of input; expected ')', ',' or ':'
C1_EIs0:la_transfer_616:wrongthm	reject	False	/tmp/tmpxdfxp1g1/T.lean:2:42: error: Type mismatch
C1_EIs0:la_transfer_2169:wrongexact	reject	False	/tmp/tmpkpm0m774/T.lean:2:418: error: Type mismatch
C1_EIs0:la_transfer_235:trunc	reject	False	/tmp/tmp3n3mibsr/T.lean:3:0: error: unexpected end of input; expected ')'
C1_EIs0:la_transfer_235:droplast	reject	False	/tmp/tmpjysy066x/T.lean:3:0: error: unexpected end of input; expected ')', ',' or ':'
C1_EIs0:la_transfer_543:wrongthm	reject	False	/tmp/tmpsr3pnnbp/T.lean:2:34: error: Type mismatch
C1_EIs0:la_transfer_1277:wrongexact	reject	False	/tmp/tmpcw9j4ijv/T.lean:2:560: error: Type mismatch
C1_baseB:la_transfer_1932:trunc	reject	False	/tmp/tmpoyelqxxd/T.lean:3:0: error: unexpected end of input; expected ')'
C1_big:la_transfer_1932:droplast	reject	False	/tmp/tmpr3t6lt6v/T.lean:3:0: error: unexpected end of input; expected ')', ',' or ':'
C1_big:la_transfer_1932:wrongthm	reject	False	/tmp/tmpyj2cxtbo/T.lean:2:18: error: Type mismatch
C1_big:la_transfer_2169:wrongexact	reject	False	/tmp/tmp7b9t_l5_/T.lean:2:416: error: Type mismatch
C2_SNs0:la_transfer_1858:trunc	reject	False	/tmp/tmpsewy_yqg/T.lean:3:0: error: unexpected end of input; expected ')', ',' or ':'
C2_SNs0:la_transfer_381:droplast	reject	False	/tmp/tmptgo05j0u/T.lean:3:0: error: unexpected end of input; expected ')', ',' or ':'
C2_SNs0:la_transfer_235:wrongthm	reject	False	/tmp/tmpczrzvg8v/T.lean:2:694: error: Type mismatch
C2_SNs0:la_transfer_543:wrongexact	reject	False	/tmp/tmpsn9ued66/T.lean:2:498: error: Type mismatch
C2_SNs0:la_transfer_235:trunc	reject	False	/tmp/tmpn4tvmz99/T.lean:3:0: error: unexpected end of input; expected ')', '_' or identifier
C2_SNs0:la_transfer_543:droplast	reject	False	/tmp/tmp136f3178/T.lean:3:0: error: unexpected end of input; expected ')', ',' or ':'
C2_SNs0:la_transfer_2169:wrongthm	reject	False	/tmp/tmp2xc8lgsc/T.lean:2:17: error: Type mismatch
C2_SNs0:la_transfer_235:wrongexact	reject	False	/tmp/tmprw1wwz83/T.lean:2:685: error(lean.unknownIdentifier): Unknown identifier `h1`
C2_SNs0:la_transfer_1277:trunc	reject	False	/tmp/tmpf2clwdo6/T.lean:3:0: error: unexpected end of input; expected ')'
C2_SNs0:la_transfer_1314:droplast	reject	False	/tmp/tmpbspqs9i4/T.lean:3:0: error: unexpected end of input; expected ')', ',' or ':'
C2_SNs0:la_transfer_616:wrongthm	reject	False	/tmp/tmph8a5dvk0/T.lean:2:41: error: Type mismatch
C2_SNs0:la_transfer_1437:wrongexact	reject	False	/tmp/tmp9a585git/T.lean:2:575: error: Type mismatch
C2_SNs1:la_transfer_235:trunc	reject	False	/tmp/tmp2x2yr0ev/T.lean:3:0: error: unexpected end of input; expected ')', ',' or ':'
C2_SNs1:la_transfer_235:droplast	reject	False	/tmp/tmpnodh8v5p/T.lean:3:0: error: unexpected end of input; expected ')', ',' or ':'
C2_SNs1:la_transfer_330:wrongthm	reject	False	/tmp/tmprt7sm4bh/T.lean:2:731: error: Type mismatch
C2_SNs1:la_transfer_2169:wrongexact	reject	False	/tmp/tmpae3y54jr/T.lean:2:522: error: Type mismatch
C2_SNs1:la_transfer_1759:trunc	reject	False	/tmp/tmpj8e9h2z0/T.lean:3:0: error: unexpected end of input
C2_SNs1:la_transfer_202:droplast	reject	False	/tmp/tmpq36cz8vw/T.lean:3:0: error: unexpected end of input; expected ')', ',' or ':'
C2_SNs1:la_transfer_1277:wrongthm	reject	False	/tmp/tmpignp1x9o/T.lean:2:26: error: Type mismatch
C2_SNs1:la_transfer_2038:wrongexact	reject	False	/tmp/tmpkqjrq264/T.lean:2:512: error: Type mismatch
C2_SNs1:la_transfer_1759:trunc	reject	False	/tmp/tmp2f3dd2k8/T.lean:3:0: error: unexpected end of input; expected ')', ',' or ':'
C2_SNs1:la_transfer_31:droplast	reject	False	/tmp/tmpqjj_o7c4/T.lean:3:0: error: unexpected end of input; expected ')', ',' or ':'
C2_SNs1:la_transfer_588:wrongthm	reject	False	/tmp/tmpo7bw1lt4/T.lean:2:42: error: Type mismatch
C2_SNs1:la_transfer_543:wrongexact	reject	False	/tmp/tmpbn1taa15/T.lean:2:494: error: Type mismatch
C2_Ss0:la_transfer_202:trunc	reject	False	/tmp/tmpv89sjcib/T.lean:3:0: error: unexpected end of input
C2_Ss0:la_transfer_31:droplast	reject	False	/tmp/tmppuici4bq/T.lean:3:0: error: unexpected end of input; expected ')', ',' or ':'
C2_Ss0:la_transfer_235:wrongthm	reject	False	/tmp/tmp1wjg_kkn/T.lean:2:694: error: Type mismatch
C2_Ss0:la_transfer_1423:wrongexact	reject	False	/tmp/tmpx6m1zomq/T.lean:2:510: error: Type mismatch
C2_Ss0:la_transfer_1759:trunc	reject	False	/tmp/tmpy80_58cp/T.lean:3:0: error: unexpected end of input
C2_Ss0:la_transfer_235:droplast	reject	False	/tmp/tmpxfgjmvbk/T.lean:3:0: error: unexpected end of input; expected ')', ',' or ':'
C2_Ss0:la_transfer_235:wrongthm	reject	False	/tmp/tmpiig14jae/T.lean:2:694: error: Type mismatch
C2_Ss0:la_transfer_191:wrongexact	reject	False	/tmp/tmpch_s18rd/T.lean:2:496: error: Type mismatch
C2_Ss0:la_transfer_31:trunc	reject	False	/tmp/tmpsxi8__bp/T.lean:3:0: error: unexpected end of input; expected ')', ',' or ':'
C2_Ss0:la_transfer_1759:droplast	reject	False	/tmp/tmpt6n755bs/T.lean:3:0: error: unexpected end of input; expected ')', ',' or ':'
C2_Ss0:la_transfer_1423:wrongthm	reject	False	/tmp/tmpk0izvv6h/T.lean:2:26: error: Type mismatch
C2_Ss0:la_transfer_1423:wrongexact	reject	False	/tmp/tmpfbtrqpbe/T.lean:2:582: error: Type mismatch
C2_Ss1:la_transfer_616:trunc	reject	False	/tmp/tmp89uer34v/T.lean:3:0: error: unexpected end of input
C2_Ss1:la_transfer_1759:droplast	reject	False	/tmp/tmpirz5wfr6/T.lean:3:0: error: unexpected end of input; expected ')', ',' or ':'
C2_Ss1:la_transfer_235:wrongthm	reject	False	/tmp/tmpf89rjwcv/T.lean:2:694: error: Type mismatch
C2_Ss1:la_transfer_616:wrongexact	reject	False	/tmp/tmptsm1yhf3/T.lean:2:616: error: Type mismatch
C2_Ss1:la_transfer_235:trunc	reject	False	/tmp/tmpxe0ib47e/T.lean:3:0: error: unexpected end of input; expected ')'
C2_Ss1:la_transfer_1423:droplast	reject	False	/tmp/tmpsr_ak2j6/T.lean:3:0: error: unexpected end of input; expected ')', ',' or ':'
C2_Ss1:la_transfer_202:wrongthm	reject	False	/tmp/tmp4_3_v13l/T.lean:2:32: error: Type mismatch
C2_Ss1:la_transfer_235:wrongexact	reject	False	/tmp/tmphwu3nmf7/T.lean:2:700: error(lean.unknownIdentifier): Unknown identifier `h1`
C2_Ss1:la_transfer_543:trunc	reject	False	/tmp/tmpao80yczn/T.lean:3:0: error: unexpected end of input; expected ')', ',' or ':'
C2_Ss1:la_transfer_1423:droplast	reject	False	/tmp/tmpspjbx05h/T.lean:3:0: error: unexpected end of input; expected ')', ',' or ':'
C2_Ss1:la_transfer_616:wrongthm	reject	False	/tmp/tmpfhcnttdn/T.lean:2:42: error: Type mismatch
C2_Ss1:la_transfer_149:wrongexact	reject	False	/tmp/tmp4cs3x3et/T.lean:2:745: error: Type mismatch
