name	Ltrue	base_T08_tried	base_T08_ok	base_T10_tried	base_T10_ok	EIs0_T08_tried	EIs0_T08_ok	EIs0_T10_tried	EIs0_T10_ok	EIs1lost_T08_tried	EIs1lost_T08_ok	bases1_tried	bases1_ok
la_transfer_100	10	200000	0	200000	0	2048	998	2048	1035	2048	1566	10000	0
la_transfer_1004	10	200000	0	200000	0	2048	216	2048	222	2048	798	10000	0
la_transfer_1013	9	200000	0	200000	0	2048	1661	2048	1542	2048	1683	10000	0
la_transfer_1110	9	200000	0	200000	0	2048	1678	2048	1553	10000	8	10000	0
la_transfer_1277	10	200000	0	200000	0	2048	52	2048	117	2048	1986	10000	0
la_transfer_1314	9	200000	0	200000	0	2048	1941	2048	1786	2048	947	10000	0
la_transfer_1423	9	200000	0	200000	0	2048	193	2048	324	2048	1731	10000	0
la_transfer_1437	10	200000	0	200000	0	2048	575	2048	464	2048	1679	10000	0
la_transfer_149	9	200000	0	200000	0	2048	1829	2048	1664	2048	2030	10000	0
la_transfer_1645	10	200000	0	200000	0	2048	183	2048	253	2048	609	10000	1
la_transfer_1729	10	200000	0	200000	0	2048	1234	2048	1058	2048	141	10000	0
la_transfer_1759	9	200000	0	200000	0	2048	2047	2048	2037	2048	2045	10000	0
la_transfer_1858	11	200000	0	200000	0	2048	71	2048	98	2048	339	10000	0
la_transfer_1893	11	200000	0	200000	0	2048	460	2048	509	2048	466	10000	0
la_transfer_191	10	200000	0	200000	0	2048	661	2048	687	2048	2017	10000	0
la_transfer_1932	11	200000	0	200000	0	2048	88	2048	121	2048	1835	10000	0
la_transfer_202	9	200000	0	200000	0	2048	2002	2048	1913	2048	2021	10000	0
la_transfer_2038	11	200000	0	200000	0	2048	951	2048	871	2048	1677	10000	0
la_transfer_2169	9	200000	0	200000	0	2048	2042	2048	2021	2048	2044	10000	0
la_transfer_235	9	200000	0	200000	0	2048	1966	2048	1870	2048	1979	10000	0
la_transfer_31	9	200000	0	200000	0	2048	2039	2048	2007	2048	1970	10000	0
la_transfer_330	10	200000	0	200000	0	2048	1748	2048	1616	8192	52	10000	0
la_transfer_381	9	200000	0	200000	0	2048	1212	2048	1115	2048	1947	10000	0
la_transfer_454	12	200000	0	200000	0	2048	1861	2048	1670	2048	326	10000	0
la_transfer_543	9	200000	0	200000	0	2048	1932	2048	1862	2048	2047	10000	0
la_transfer_588	7	200000	0	200000	0	2048	158	2048	186	2048	107	10000	0
la_transfer_616	10	200000	0	200000	0	2048	1247	2048	1075	2048	450	10000	0
la_transfer_87	11	200000	0	200000	0	2048	381	2048	334	10000	11	10000	0
la_transfer_880	9	200000	0	200000	0	4096	90	2048	82	10000	0	10000	0
