dump	rows_solved	dump_prompts_ok	equal	row_only	dump_only
rr_T1_SN12_s0__ge17.jsonl.gz	25	25	True	0	0
rr_T1_SN12_s0__new.jsonl	8	8	True	0	0
rr_T1_SN12_s1__ge17.jsonl.gz	42	42	True	0	0
rr_T1_SN12_s1__new.jsonl	15	15	True	0	0
rr_T1_SN12_s2__ge17.jsonl.gz	42	42	True	0	0
rr_T1_SN12_s2__new.jsonl	17	17	True	0	0
rr_T1_SN12_s3__ge17.jsonl.gz	46	46	True	0	0
rr_T1_SN12_s3__new.jsonl	14	14	True	0	0
rr_stage1_SN12_s0__ge17.jsonl.gz	10	10	True	0	0
rr_T1_K12_s0__rr600.jsonl.gz	160	160	True	0	0
rr_T1_SN12_s0__rr600.jsonl.gz	375	375	True	0	0
rr_stage1_SN12_s0__rr600.jsonl.gz	248	248	True	0	0
Fz_best6_s0__tb72.jsonl.gz	19	19	True	0	0
Fz_best6_s1__tb72.jsonl.gz	18	18	True	0	0
Fz_best6_s2__tb72.jsonl.gz	20	20	True	0	0
T1_best6_s0__tb72.jsonl.gz	39	39	True	0	0
T1_best6_s1__tb72.jsonl.gz	40	40	True	0	0
T1_best6_s2__tb72.jsonl.gz	33	33	True	0	0
Fz_best12_s0__tb72.jsonl.gz	32	32	True	0	0
Fz_best12_s1__tb72.jsonl.gz	27	27	True	0	0
Fz_best12_s2__tb72.jsonl.gz	27	27	True	0	0
T1_best12_s0__tb72.jsonl.gz	52	52	True	0	0
T1_best12_s1__tb72.jsonl.gz	51	51	True	0	0
T1_best12_s2__tb72.jsonl.gz	52	52	True	0	0
