a	b	n	solved_a	solved_b	diff	flips	redraw_sd	z
lp_rr1:cap-horizon__stage1_k12_s0	lp_rr2:cap-horizon__stage1_k12_s0	600	91	88	3	33	4.81	0.62
lp_rr1:cap-horizon__stage1_k12_s0__ge17	lp_rr2:cap-horizon__stage1_k12_s0__ge17	70	0	0	0	0	0.0	0
lp_rr1:ds-generator__la_T1_c0_s0_r8	lp_rr2:ds-generator__la_T1_c0_s0_r8	600	18	19	-1	3	1.47	-0.68
lp_rr1:ds-generator__la_T1_c0_s0_r8__ge17	lp_rr2:ds-generator__la_T1_c0_s0_r8__ge17	70	0	0	0	0	0.0	0
lp_rr1:ds-generator__la_T1_c0_s1_r8	lp_rr2:ds-generator__la_T1_c0_s1_r8	600	12	11	1	3	1.55	0.64
lp_rr1:ds-generator__la_T1_c0_s1_r8__ge17	lp_rr2:ds-generator__la_T1_c0_s1_r8__ge17	70	0	0	0	0	0.0	0
lp_rr1:state-env__la_T1_SN_s0_r8	lp_rr2:state-env__la_T1_SN_s0_r8	600	179	179	0	0	4.02	0.0
lp_rr1:state-env__la_T1_SN_s0_r8__ge17	lp_rr2:state-env__la_T1_SN_s0_r8__ge17	70	5	5	0	0	1.36	0.0
lp_rr1:state-env__la_T1_SN_s1_r8	lp_rr2:state-env__la_T1_SN_s1_r8	600	68	68	0	0	2.4	0.0
lp_rr1:state-env__la_T1_SN_s1_r8__ge17	lp_rr2:state-env__la_T1_SN_s1_r8__ge17	70	0	0	0	0	0.0	0
lp_rr1:state-env__stage1_SN_s0	lp_rr2:state-env__stage1_SN_s0	600	11	11	0	0	1.54	0.0
lp_rr1:state-env__stage1_SN_s0__ge17	lp_rr2:state-env__stage1_SN_s0__ge17	70	0	0	0	0	0.0	0
lp_rr1:state-env__stage1_SN_s1	lp_rr2:state-env__stage1_SN_s1	600	4	4	0	0	1.03	0.0
lp_rr1:state-env__stage1_SN_s1__ge17	lp_rr2:state-env__stage1_SN_s1__ge17	70	0	0	0	0	0.0	0
sc12:T1_SN12_s0__rr600	sc12:T1_SN12_s0__rr600_ms96	600	375	368	7	51	5.82	1.2
sc12:stage1_SN12_s0__rr600	sc12:stage1_SN12_s0__rr600_ms96	600	248	241	7	67	6.93	1.01
sc12:T1_SN12_s0__ge17	sc12:T1_SN12_s0__ge17_ms96	70	25	25	0	6	2.33	0.0
sc12:stage1_SN12_s0__ge17	sc12:stage1_SN12_s0__ge17_ms96	70	10	10	0	2	1.65	0.0
sc12:T1_SN12_s1__rr600	sc12:T1_SN12_s1__rr600_ms96	600	454	455	-1	43	5.37	-0.19
sc12:stage1_SN12_s1__rr600	sc12:stage1_SN12_s1__rr600_ms96	600	338	345	-7	33	6.18	-1.13
sc12:T1_SN12_s1__ge17	sc12:T1_SN12_s1__ge17_ms96	70	42	42	0	6	2.29	0.0
sc12:stage1_SN12_s1__ge17	sc12:stage1_SN12_s1__ge17_ms96	70	15	16	-1	7	2.11	-0.47
sc12:T1_SN12_s2__rr600	lp2:T1_SN12_s2_ms96__rr600	600	476	471	5	29	4.63	1.08
sc12:T1_SN12_s2__ge17	lp2:T1_SN12_s2_ms96__ge17	70	42	42	0	8	2.54	0.0
sc12:T1_SN12_s3__rr600	lp2:T1_SN12_s3_ms96__rr600	600	472	468	4	30	4.73	0.85
sc12:T1_SN12_s3__ge17	lp2:T1_SN12_s3_ms96__ge17	70	46	41	5	7	1.91	2.62
sc12:T1_SN12_s0__ge17	lp2:T1_SN12_s0__cal	70	25	26	-1	5	2.13	-0.47
sc12:T1_SN12_s1__ge17	lp2:T1_SN12_s1__cal	70	42	44	-2	6	2.24	-0.89
sc12:T1_SN12_s2__ge17	lp2:T1_SN12_s2__cal	70	42	41	1	5	2.32	0.43
sc12:T1_SN12_s3__ge17	lp2:T1_SN12_s3__cal	70	46	47	-1	7	2.25	-0.45
sc12:stage1_SN12_s0__ge17	lp2:stage1_SN12_s0__cal	70	10	8	2	6	2.0	1.0
sc12:stage1_SN12_s1__ge17	lp2:stage1_SN12_s1__cal	70	15	15	0	12	2.41	0.0
sc12:stage1_SN12_s2__ge17	lp2:stage1_SN12_s2__cal	70	19	18	1	13	2.75	0.36
sc12:stage1_SN12_s3__ge17	lp2:stage1_SN12_s3__cal	70	18	18	0	8	2.26	0.0
sc12:T1_K12_s0__ge17	lp2:T1_K12_s0__cal	70	3	3	0	0	0.83	0.0
sc12:T1_K12_s1__ge17	lp2:T1_K12_s1__cal	70	2	2	0	0	0.68	0.0
