run	read	pool	n	solved	Q	tb_in_rr600	ex17	ge18	k	T	seed	batch	max_steps	max_action	max_new	mode	flag_mm	ckpt	md5
lp2	T1_K12_s0__cal	ge17	70	3					256	0.8	0	1024	None	None	1536	lean_seq	0	ckpts/ladder/la_T1_K12_s0_r8.pt	507a46c685
lp2	T1_K12_s0__new	long2	21	0			0	0	256	0.8	0	1024	None	None	1536	lean_seq	0	ckpts/ladder/la_T1_K12_s0_r8.pt	da27c71e78
lp2	T1_K12_s1__cal	ge17	70	2					256	0.8	0	1024	None	None	1536	lean_seq	0	ckpts/ladder/la_T1_K12_s1_r8.pt	1fc5127a33
lp2	T1_K12_s1__new	long2	21	0			0	0	256	0.8	0	1024	None	None	1536	lean_seq	0	ckpts/ladder/la_T1_K12_s1_r8.pt	61fcb9c038
lp2	T1_SN12_s0__cal	ge17	70	26					256	0.8	0	2048	96	512		True	0	ckpts/sc12/ladder/la_T1_SN12_s0_r8.pt	03b03b4a15
lp2	T1_SN12_s0__new	long2	21	8			5	3	256	0.8	0	2048	96	512		True	0	ckpts/sc12/ladder/la_T1_SN12_s0_r8.pt	737fdfb9bf
lp2	T1_SN12_s1__cal	ge17	70	44					256	0.8	0	2048	96	512		True	0	ckpts/sc12/ladder/la_T1_SN12_s1_r8.pt	3e71d3bb8b
lp2	T1_SN12_s1__new	long2	21	15			10	5	256	0.8	0	2048	96	512		True	0	ckpts/sc12/ladder/la_T1_SN12_s1_r8.pt	4722859647
lp2	T1_SN12_s2__cal	ge17	70	41					256	0.8	0	2048	96	512		True	0	ckpts/sc12/ladder/la_T1_SN12_s2_r8.pt	63ee4cbc82
lp2	T1_SN12_s2__new	long2	21	17			11	6	256	0.8	0	2048	96	512		True	0	ckpts/sc12/ladder/la_T1_SN12_s2_r8.pt	54baef250c
lp2	T1_SN12_s2_ms96__ge17	ge17	70	42					256	0.8	0	2048	96	512		True	0	ckpts/sc12/ladder/la_T1_SN12_s2_r8.pt	0a3acfa700
lp2	T1_SN12_s2_ms96__rr600	rr600	600	471	316	28			256	0.8	0	2048	96	512		True	0	ckpts/sc12/ladder/la_T1_SN12_s2_r8.pt	a23778ec93
lp2	T1_SN12_s3__cal	ge17	70	47					256	0.8	0	2048	96	512		True	0	ckpts/sc12/ladder/la_T1_SN12_s3_r8.pt	cbcb857db8
lp2	T1_SN12_s3__new	long2	21	14			10	4	256	0.8	0	2048	96	512		True	0	ckpts/sc12/ladder/la_T1_SN12_s3_r8.pt	8ed72aef77
lp2	T1_SN12_s3_ms96__ge17	ge17	70	41					256	0.8	0	2048	96	512		True	0	ckpts/sc12/ladder/la_T1_SN12_s3_r8.pt	880d53515c
lp2	T1_SN12_s3_ms96__rr600	rr600	600	468	313	29			256	0.8	0	2048	96	512		True	0	ckpts/sc12/ladder/la_T1_SN12_s3_r8.pt	0af6187855
lp2	T1_SNv2_s0__cal	ge17	70	4					256	0.8	0	2048	96	512		True	0	ckpts/se/la_T1_SN_s0_r8.pt	a9152b5cd3
lp2	T1_SNv2_s0__new	long2	21	0			0	0	256	0.8	0	2048	96	512		True	0	ckpts/se/la_T1_SN_s0_r8.pt	7b892c03e5
lp2	T1_SNv2_s1__cal	ge17	70	0					256	0.8	0	2048	96	512		True	0	ckpts/se/la_T1_SN_s1_r8.pt	0f4e4e320b
lp2	T1_SNv2_s1__new	long2	21	0			0	0	256	0.8	0	2048	96	512		True	0	ckpts/se/la_T1_SN_s1_r8.pt	ea57228ebd
lp2	stage1_SN12_s0__cal	ge17	70	8					256	0.8	0	2048	96	512		True	0	ckpts/sc12/stage1_SN12_s0.pt	38371a5b75
lp2	stage1_SN12_s0__new	long2	21	3			2	1	256	0.8	0	2048	96	512		True	0	ckpts/sc12/stage1_SN12_s0.pt	4ab72ff6ed
lp2	stage1_SN12_s1__cal	ge17	70	15					256	0.8	0	2048	96	512		True	0	ckpts/sc12/stage1_SN12_s1.pt	3709ae95a8
lp2	stage1_SN12_s1__new	long2	21	1			1	0	256	0.8	0	2048	96	512		True	0	ckpts/sc12/stage1_SN12_s1.pt	37b04c7f1f
lp2	stage1_SN12_s2__cal	ge17	70	18					256	0.8	0	2048	96	512		True	0	ckpts/sc12/stage1_SN12_s2.pt	fb6e386166
lp2	stage1_SN12_s2__new	long2	21	3			2	1	256	0.8	0	2048	96	512		True	0	ckpts/sc12/stage1_SN12_s2.pt	a748866e41
lp2	stage1_SN12_s3__cal	ge17	70	18					256	0.8	0	2048	96	512		True	0	ckpts/sc12/stage1_SN12_s3.pt	6beddda4b9
lp2	stage1_SN12_s3__new	long2	21	5			3	2	256	0.8	0	2048	96	512		True	0	ckpts/sc12/stage1_SN12_s3.pt	025723af52
lp_rr1	cap-horizon__stage1_k12_s0	rr600	600	91	40	0			256	0.8	0	2048	None	None	768	lean_seq	0	ckpts/lp/cap-horizon__stage1_k12_s0.pt	0502eee32e
lp_rr1	cap-horizon__stage1_k12_s0__ge17	ge17	70	0					256	0.8	0	2048	None	None	768	lean_seq	0	ckpts/lp/cap-horizon__stage1_k12_s0.pt	adc5e48b2b
lp_rr1	ds-generator__la_T1_c0_s0_r8	rr600	600	18	2	0			256	0.8	0	2048	None	None	768	lean_seq	0	ckpts/lp/ds-generator__la_T1_c0_s0_r8.pt	d6b08454b3
lp_rr1	ds-generator__la_T1_c0_s0_r8__ge17	ge17	70	0					256	0.8	0	2048	None	None	768	lean_seq	0	ckpts/lp/ds-generator__la_T1_c0_s0_r8.pt	0743b4782e
lp_rr1	ds-generator__la_T1_c0_s1_r8	rr600	600	12	2	0			256	0.8	0	2048	None	None	768	lean_seq	0	ckpts/lp/ds-generator__la_T1_c0_s1_r8.pt	0950bcb1e1
lp_rr1	ds-generator__la_T1_c0_s1_r8__ge17	ge17	70	0					256	0.8	0	2048	None	None	768	lean_seq	0	ckpts/lp/ds-generator__la_T1_c0_s1_r8.pt	adbc2b420f
lp_rr1	state-env__la_T1_SN_s0_r8	rr600	600	179	102	6			256	0.8	0	2048	48	256		True	0	ckpts/lp/state-env__la_T1_SN_s0_r8.pt	ef03e38808
lp_rr1	state-env__la_T1_SN_s0_r8__ge17	ge17	70	5					256	0.8	0	2048	48	256		True	0	ckpts/lp/state-env__la_T1_SN_s0_r8.pt	0a025b2e67
lp_rr1	state-env__la_T1_SN_s1_r8	rr600	600	68	28	2			256	0.8	0	2048	48	256		True	0	ckpts/lp/state-env__la_T1_SN_s1_r8.pt	77243d3046
lp_rr1	state-env__la_T1_SN_s1_r8__ge17	ge17	70	0					256	0.8	0	2048	48	256		True	0	ckpts/lp/state-env__la_T1_SN_s1_r8.pt	f6b1cbaaec
lp_rr1	state-env__stage1_SN_s0	rr600	600	11	3	0			256	0.8	0	2048	48	256		True	0	ckpts/lp/state-env__stage1_SN_s0.pt	1582778beb
lp_rr1	state-env__stage1_SN_s0__ge17	ge17	70	0					256	0.8	0	2048	48	256		True	0	ckpts/lp/state-env__stage1_SN_s0.pt	7c28f73ff0
lp_rr1	state-env__stage1_SN_s1	rr600	600	4	0	0			256	0.8	0	2048	48	256		True	0	ckpts/lp/state-env__stage1_SN_s1.pt	3f1bd3bad6
lp_rr1	state-env__stage1_SN_s1__ge17	ge17	70	0					256	0.8	0	2048	48	256		True	0	ckpts/lp/state-env__stage1_SN_s1.pt	f65c686130
lp_rr2	cap-horizon__stage1_k12_s0	rr600	600	88	38	0			256	0.8	0	1024	None	None	1536	lean_seq	0	ckpts/lp/cap-horizon__stage1_k12_s0.pt	f04ae3092f
lp_rr2	cap-horizon__stage1_k12_s0__ge17	ge17	70	0					256	0.8	0	1024	None	None	1536	lean_seq	0	ckpts/lp/cap-horizon__stage1_k12_s0.pt	5690afea18
lp_rr2	ds-generator__la_T1_c0_s0_r8	rr600	600	19	2	0			256	0.8	0	1024	None	None	1536	lean_seq	0	ckpts/lp/ds-generator__la_T1_c0_s0_r8.pt	4ca4e27d94
lp_rr2	ds-generator__la_T1_c0_s0_r8__ge17	ge17	70	0					256	0.8	0	1024	None	None	1536	lean_seq	0	ckpts/lp/ds-generator__la_T1_c0_s0_r8.pt	f793f6bcdf
lp_rr2	ds-generator__la_T1_c0_s1_r8	rr600	600	11	2	0			256	0.8	0	1024	None	None	1536	lean_seq	0	ckpts/lp/ds-generator__la_T1_c0_s1_r8.pt	5f65ba2594
lp_rr2	ds-generator__la_T1_c0_s1_r8__ge17	ge17	70	0					256	0.8	0	1024	None	None	1536	lean_seq	0	ckpts/lp/ds-generator__la_T1_c0_s1_r8.pt	4c928fbe09
lp_rr2	state-env__la_T1_SN_s0_r8	rr600	600	179	102	6			256	0.8	0	2048	48	512		True	0	ckpts/lp/state-env__la_T1_SN_s0_r8.pt	88f75386b0
lp_rr2	state-env__la_T1_SN_s0_r8__ge17	ge17	70	5					256	0.8	0	2048	48	512		True	0	ckpts/lp/state-env__la_T1_SN_s0_r8.pt	04aee32798
lp_rr2	state-env__la_T1_SN_s1_r8	rr600	600	68	28	2			256	0.8	0	2048	48	512		True	0	ckpts/lp/state-env__la_T1_SN_s1_r8.pt	efc2ba2560
lp_rr2	state-env__la_T1_SN_s1_r8__ge17	ge17	70	0					256	0.8	0	2048	48	512		True	0	ckpts/lp/state-env__la_T1_SN_s1_r8.pt	ab619cb849
lp_rr2	state-env__stage1_SN_s0	rr600	600	11	3	0			256	0.8	0	2048	48	512		True	0	ckpts/lp/state-env__stage1_SN_s0.pt	4614dd0f03
lp_rr2	state-env__stage1_SN_s0__ge17	ge17	70	0					256	0.8	0	2048	48	512		True	0	ckpts/lp/state-env__stage1_SN_s0.pt	2f508cc3ca
lp_rr2	state-env__stage1_SN_s1	rr600	600	4	0	0			256	0.8	0	2048	48	512		True	0	ckpts/lp/state-env__stage1_SN_s1.pt	30fbe457b7
lp_rr2	state-env__stage1_SN_s1__ge17	ge17	70	0					256	0.8	0	2048	48	512		True	0	ckpts/lp/state-env__stage1_SN_s1.pt	8f4d93d8aa
sc12	T1_K12_s0__ge17	ge17	70	3					256	0.8	0	1024	None	None	1536	lean_seq	0	ckpts/ladder/la_T1_K12_s0_r8.pt	b693a636b0
sc12	T1_K12_s0__rr600	rr600	600	160	79	0			256	0.8	0	1024	None	None	1536	lean_seq	0	ckpts/ladder/la_T1_K12_s0_r8.pt	a30fe58fa9
sc12	T1_K12_s1__ge17	ge17	70	2					256	0.8	0	1024	None	None	1536	lean_seq	0	ckpts/ladder/la_T1_K12_s1_r8.pt	7e6aad8676
sc12	T1_K12_s1__rr600	rr600	600	151	72	0			256	0.8	0	1024	None	None	1536	lean_seq	0	ckpts/ladder/la_T1_K12_s1_r8.pt	56dadda51d
sc12	T1_SN12_s0__ge17	ge17	70	25					256	0.8	0	2048	48	512		True	0	ckpts/sc12/ladder/la_T1_SN12_s0_r8.pt	fa4d5a8ccc
sc12	T1_SN12_s0__ge17_ms96	ge17	70	25					256	0.8	0	2048	96	512		True	0	ckpts/sc12/ladder/la_T1_SN12_s0_r8.pt	10b370975c
sc12	T1_SN12_s0__rr600	rr600	600	375	233	29			256	0.8	0	2048	48	512		True	0	ckpts/sc12/ladder/la_T1_SN12_s0_r8.pt	e53589e786
sc12	T1_SN12_s0__rr600_ms96	rr600	600	368	231	30			256	0.8	0	2048	96	512		True	0	ckpts/sc12/ladder/la_T1_SN12_s0_r8.pt	626ef8b248
sc12	T1_SN12_s1__ge17	ge17	70	42					256	0.8	0	2048	48	512		True	0	ckpts/sc12/ladder/la_T1_SN12_s1_r8.pt	02142fd28d
sc12	T1_SN12_s1__ge17_ms96	ge17	70	42					256	0.8	0	2048	96	512		True	0	ckpts/sc12/ladder/la_T1_SN12_s1_r8.pt	98cb9e0317
sc12	T1_SN12_s1__rr600	rr600	600	454	295	30			256	0.8	0	2048	48	512		True	0	ckpts/sc12/ladder/la_T1_SN12_s1_r8.pt	ee27fab6b0
sc12	T1_SN12_s1__rr600_ms96	rr600	600	455	296	31			256	0.8	0	2048	96	512		True	0	ckpts/sc12/ladder/la_T1_SN12_s1_r8.pt	970accb4a7
sc12	T1_SN12_s2__ge17	ge17	70	42					256	0.8	0	2048	48	512		True	0	ckpts/sc12/ladder/la_T1_SN12_s2_r8.pt	2a962beafd
sc12	T1_SN12_s2__rr600	rr600	600	476	320	27			256	0.8	0	2048	48	512		True	0	ckpts/sc12/ladder/la_T1_SN12_s2_r8.pt	dd81b0e078
sc12	T1_SN12_s3__ge17	ge17	70	46					256	0.8	0	2048	48	512		True	0	ckpts/sc12/ladder/la_T1_SN12_s3_r8.pt	6cd9dfb561
sc12	T1_SN12_s3__rr600	rr600	600	472	317	28			256	0.8	0	2048	48	512		True	0	ckpts/sc12/ladder/la_T1_SN12_s3_r8.pt	31982a3585
sc12	stage1_SN12_s0__ge17	ge17	70	10					256	0.8	0	2048	48	512		True	0	ckpts/sc12/stage1_SN12_s0.pt	ccf4e68cd7
sc12	stage1_SN12_s0__ge17_ms96	ge17	70	10					256	0.8	0	2048	96	512		True	0	ckpts/sc12/stage1_SN12_s0.pt	4d257c57a3
sc12	stage1_SN12_s0__orig	?	2285	1661					256	0.8	0	2048	48	512		True	0	ckpts/sc12/stage1_SN12_s0.pt	e5686d8443
sc12	stage1_SN12_s0__rr600	rr600	600	248	134	10			256	0.8	0	2048	48	512		True	0	ckpts/sc12/stage1_SN12_s0.pt	76ed8edd2b
sc12	stage1_SN12_s0__rr600_ms96	rr600	600	241	135	8			256	0.8	0	2048	96	512		True	0	ckpts/sc12/stage1_SN12_s0.pt	1d92335ff4
sc12	stage1_SN12_s1__ge17	ge17	70	15					256	0.8	0	2048	48	512		True	0	ckpts/sc12/stage1_SN12_s1.pt	8017b04e0e
sc12	stage1_SN12_s1__ge17_ms96	ge17	70	16					256	0.8	0	2048	96	512		True	0	ckpts/sc12/stage1_SN12_s1.pt	23ed43f46e
sc12	stage1_SN12_s1__orig	?	2285	1769					256	0.8	0	2048	48	512		True	0	ckpts/sc12/stage1_SN12_s1.pt	0f21d1f8ce
sc12	stage1_SN12_s1__rr600	rr600	600	338	212	17			256	0.8	0	2048	48	512		True	0	ckpts/sc12/stage1_SN12_s1.pt	cd9d95963c
sc12	stage1_SN12_s1__rr600_ms96	rr600	600	345	219	17			256	0.8	0	2048	96	512		True	0	ckpts/sc12/stage1_SN12_s1.pt	91a1adc71b
sc12	stage1_SN12_s2__ge17	ge17	70	19					256	0.8	0	2048	48	512		True	0	ckpts/sc12/stage1_SN12_s2.pt	80c22a1ea9
sc12	stage1_SN12_s2__orig	?	2285	1796					256	0.8	0	2048	48	512		True	0	ckpts/sc12/stage1_SN12_s2.pt	c41d98b5a7
sc12	stage1_SN12_s2__rr600	rr600	600	356	228	14			256	0.8	0	2048	48	512		True	0	ckpts/sc12/stage1_SN12_s2.pt	f35c13ff07
sc12	stage1_SN12_s3__ge17	ge17	70	18					256	0.8	0	2048	48	512		True	0	ckpts/sc12/stage1_SN12_s3.pt	9c34a0b77b
sc12	stage1_SN12_s3__orig	?	2285	1727					256	0.8	0	2048	48	512		True	0	ckpts/sc12/stage1_SN12_s3.pt	342e08459a
sc12	stage1_SN12_s3__rr600	rr600	600	344	216	14			256	0.8	0	2048	48	512		True	0	ckpts/sc12/stage1_SN12_s3.pt	bd54341f80
