comparison	best	ours	diff	pooled_sd	MDD	welch_p	perm_p	full_sep
tb72 Fz cap6	19/18/20	16/14	4.0	1.15	4.4	0.0941	0.1	1
dev Fz cap6	569/466/506	405/329	146.7	52.54	199.6	0.0832	0.1	1
tb72 T1 cap6	39/40/33	22/16	18.3	3.94	15.0	0.0366	0.1	1
dev T1 cap6	1002/986/1002	746/663	292.2	34.71	131.9	0.0854	0.1	1
tb72 Fz cap12	32/27/27	26/29/32/26	0.4	2.88	7.7	0.8581	0.429	0
dev Fz cap12	782/767/741	745/782/804/781	-14.7	23.02	61.4	0.4316	0.857	0
tb72 T1 cap12	52/51/52	37/38/36/38	14.4	0.83	2.2	0.0	0.029	1
dev T1 cap12	1058/1050/1055	927/972/961/940	104.3	15.92	42.4	0.0014	0.029	1
tb72 T1 cap12 REPL(tj r8)	48/49/54	37/38/36/38	13.1	2.16	5.8	0.0148	0.029	1
tb72 T1 cap6 REPL(tj6 r8)	43/41/38	22/16	21.7	3.2	12.1	0.0457	0.1	1
tb72 Fz cap12 REPL(tj pend)	32/32/38	26/29/32/26	5.8	3.12	8.3	0.0814	0.086	0
tb72 T1 cap12 best6+repl	52/51/52/48/49/54	37/38/36/38	13.8	1.83	3.8	0.0	0.005	1
tb72 T1 cap6 best6+repl	39/40/33/43/41/38	22/16	20.0	3.56	9.7	0.0523	0.036	1
tb72 T1 best12: bs vs tj (same recipe)	52/51/52	48/49/54	1.3	2.31	7.0	0.5489	0.3	0
tb72 T1 best6: bs vs tj6 (same recipe)	39/40/33	43/41/38	-3.3	3.21	9.8	0.2824	0.9	0
tb72 Fz best12: bs vs tj (same recipe)	32/27/27	32/32/38	-5.3	3.19	9.7	0.1121	1.0	0
