run	ckpt	solved_a	solved_b	diff	flips	redraw_sd_diff	z
trajectory	s0_p0__tb72	0	0	0	0	0.0	nan
trajectory	s0_p100__tb72	0	0	0	0	0.0	nan
trajectory	s0_p12000__tb72	25	27	-2	4	1.7	-1.18
trajectory	s0_p16000__tb72	28	26	2	2	1.5	1.33
trajectory	s0_p1600__tb72	11	10	1	1	0.68	1.46
trajectory	s0_p20000__tb72	33	33	0	6	2.12	0.0
trajectory	s0_p200__tb72	1	4	-3	3	1.19	-2.52
trajectory	s0_p3000__tb72	15	19	-4	4	1.75	-2.29
trajectory	s0_p400__tb72	8	7	1	1	1.05	0.96
trajectory	s0_p5000__tb72	21	19	2	6	1.94	1.03
trajectory	s0_p50__tb72	0	0	0	0	0.0	nan
trajectory	s0_p8000__tb72	22	25	-3	3	1.72	-1.75
trajectory	s0_p800__tb72	10	11	-1	1	0.93	-1.07
trajectory	s0_pend__tb72	32	34	-2	4	1.53	-1.31
trajectory	s0_r1__tb72	38	40	-2	2	1.04	-1.92
trajectory	s0_r2__tb72	42	43	-1	1	1.1	-0.91
trajectory	s0_r3__tb72	46	46	0	2	1.23	0.0
trajectory	s0_r4__tb72	50	48	2	2	1.66	1.21
trajectory	s0_r5__tb72	51	50	1	5	1.87	0.53
trajectory	s0_r6__tb72	50	48	2	2	1.11	1.8
trajectory	s0_r7__tb72	50	50	0	4	1.84	0.0
trajectory	s0_r8__tb72	48	48	0	2	1.29	0.0
trajectory	s1_p0__tb72	0	0	0	0	0.0	nan
trajectory	s1_p100__tb72	0	0	0	0	0.0	nan
trajectory	s1_p12000__tb72	21	20	1	1	1.21	0.83
trajectory	s1_p16000__tb72	31	29	2	6	1.97	1.01
trajectory	s1_p1600__tb72	13	14	-1	5	1.78	-0.56
trajectory	s1_p20000__tb72	30	28	2	6	1.95	1.02
trajectory	s1_p200__tb72	2	2	0	0	0.13	0.0
trajectory	s1_p3000__tb72	13	14	-1	3	1.38	-0.73
trajectory	s1_p400__tb72	9	9	0	0	0.59	0.0
trajectory	s1_p5000__tb72	20	19	1	3	1.54	0.65
trajectory	s1_p50__tb72	0	0	0	0	0.0	nan
trajectory	s1_p8000__tb72	21	20	1	5	1.6	0.63
trajectory	s1_p800__tb72	9	10	-1	1	0.7	-1.44
trajectory	s1_pend__tb72	32	33	-1	5	2.08	-0.48
trajectory	s1_r1__tb72	41	41	0	4	1.66	0.0
trajectory	s1_r2__tb72	44	43	1	3	1.53	0.65
trajectory	s1_r3__tb72	44	44	0	2	1.37	0.0
trajectory	s1_r4__tb72	46	44	2	4	1.42	1.4
trajectory	s1_r5__tb72	47	48	-1	3	1.75	-0.57
trajectory	s1_r6__tb72	46	46	0	4	1.67	0.0
trajectory	s1_r7__tb72	49	49	0	2	1.28	0.0
trajectory	s1_r8__tb72	49	48	1	3	1.55	0.64
trajectory	s2_p0__tb72	0	0	0	0	0.0	nan
trajectory	s2_p100__tb72	0	0	0	0	0.0	nan
trajectory	s2_p12000__tb72	22	22	0	2	1.47	0.0
trajectory	s2_p16000__tb72	29	28	1	3	1.77	0.57
trajectory	s2_p1600__tb72	14	13	1	3	1.33	0.75
trajectory	s2_p20000__tb72	27	27	0	4	1.7	0.0
trajectory	s2_p200__tb72	2	2	0	0	0.63	0.0
trajectory	s2_p3000__tb72	16	19	-3	3	1.53	-1.96
trajectory	s2_p400__tb72	7	7	0	0	0.78	0.0
trajectory	s2_p5000__tb72	19	18	1	3	1.5	0.67
trajectory	s2_p50__tb72	0	0	0	0	0.0	nan
trajectory	s2_p8000__tb72	22	23	-1	1	1.4	-0.71
trajectory	s2_p800__tb72	9	10	-1	1	0.83	-1.2
trajectory	s2_pend__tb72	38	36	2	4	1.86	1.08
trajectory	s2_r1__tb72	48	47	1	3	1.51	0.66
trajectory	s2_r2__tb72	51	53	-2	4	1.65	-1.22
trajectory	s2_r3__tb72	56	54	2	4	1.58	1.26
trajectory	s2_r4__tb72	55	56	-1	3	1.55	-0.65
trajectory	s2_r5__tb72	54	53	1	3	1.23	0.81
trajectory	s2_r6__tb72	57	56	1	3	1.52	0.66
trajectory	s2_r7__tb72	55	53	2	2	1.21	1.65
trajectory	s2_r8__tb72	54	53	1	3	1.21	0.83
trajectory-cap6	s0_p0__tb72	0	0	0	0	0.0	nan
trajectory-cap6	s0_p100__tb72	0	0	0	0	0.0	nan
trajectory-cap6	s0_p12000__tb72	9	8	1	1	0.69	1.44
trajectory-cap6	s0_p16000__tb72	17	19	-2	4	1.35	-1.48
trajectory-cap6	s0_p1600__tb72	7	7	0	2	0.97	0.0
trajectory-cap6	s0_p20000__tb72	21	22	-1	1	1.22	-0.82
trajectory-cap6	s0_p200__tb72	1	2	-1	1	0.72	-1.4
trajectory-cap6	s0_p3000__tb72	8	10	-2	2	0.97	-2.06
trajectory-cap6	s0_p400__tb72	7	7	0	0	0.7	0.0
trajectory-cap6	s0_p5000__tb72	8	10	-2	2	0.98	-2.05
trajectory-cap6	s0_p50__tb72	0	0	0	0	0.0	nan
trajectory-cap6	s0_p8000__tb72	14	13	1	1	0.99	1.01
trajectory-cap6	s0_p800__tb72	6	7	-1	1	0.69	-1.45
trajectory-cap6	s0_pend__tb72	17	18	-1	1	0.99	-1.01
trajectory-cap6	s0_r1__tb72	28	27	1	1	0.74	1.35
trajectory-cap6	s0_r2__tb72	30	30	0	2	1.13	0.0
trajectory-cap6	s0_r3__tb72	33	34	-1	1	1.08	-0.92
trajectory-cap6	s0_r4__tb72	39	39	0	2	1.47	0.0
trajectory-cap6	s0_r5__tb72	39	39	0	2	1.25	0.0
trajectory-cap6	s0_r6__tb72	42	42	0	0	1.39	0.0
trajectory-cap6	s0_r7__tb72	39	39	0	4	1.4	0.0
trajectory-cap6	s0_r8__tb72	43	43	0	6	1.91	0.0
trajectory-cap6	s1_p0__tb72	0	0	0	0	0.0	nan
trajectory-cap6	s1_p100__tb72	0	0	0	0	0.0	nan
trajectory-cap6	s1_p12000__tb72	16	15	1	1	0.81	1.23
trajectory-cap6	s1_p16000__tb72	17	16	1	1	0.98	1.02
trajectory-cap6	s1_p1600__tb72	13	9	4	4	1.37	2.91
trajectory-cap6	s1_p20000__tb72	14	14	0	0	0.6	0.0
trajectory-cap6	s1_p200__tb72	1	1	0	0	0.24	0.0
trajectory-cap6	s1_p3000__tb72	9	8	1	1	0.78	1.28
trajectory-cap6	s1_p400__tb72	7	6	1	1	0.76	1.32
trajectory-cap6	s1_p5000__tb72	13	13	0	2	1.01	0.0
trajectory-cap6	s1_p50__tb72	0	0	0	0	0.0	nan
trajectory-cap6	s1_p8000__tb72	13	13	0	2	1.02	0.0
trajectory-cap6	s1_p800__tb72	7	8	-1	1	0.69	-1.44
trajectory-cap6	s1_pend__tb72	14	18	-4	4	1.54	-2.6
trajectory-cap6	s1_r1__tb72	29	27	2	2	1.21	1.65
trajectory-cap6	s1_r2__tb72	32	29	3	3	1.26	2.38
trajectory-cap6	s1_r3__tb72	36	36	0	2	1.32	0.0
trajectory-cap6	s1_r4__tb72	39	41	-2	4	1.46	-1.37
trajectory-cap6	s1_r5__tb72	42	41	1	1	1.17	0.85
trajectory-cap6	s1_r6__tb72	42	42	0	0	0.88	0.0
trajectory-cap6	s1_r7__tb72	42	43	-1	1	0.79	-1.26
trajectory-cap6	s1_r8__tb72	41	43	-2	2	1.18	-1.69
trajectory-cap6	s2_p0__tb72	0	0	0	0	0.0	nan
trajectory-cap6	s2_p100__tb72	0	0	0	0	0.0	nan
trajectory-cap6	s2_p12000__tb72	17	18	-1	1	1.02	-0.98
trajectory-cap6	s2_p16000__tb72	12	13	-1	1	0.91	-1.1
trajectory-cap6	s2_p1600__tb72	7	8	-1	1	0.68	-1.47
trajectory-cap6	s2_p20000__tb72	17	16	1	3	1.38	0.73
trajectory-cap6	s2_p200__tb72	4	4	0	0	0.48	0.0
trajectory-cap6	s2_p3000__tb72	4	5	-1	1	0.69	-1.45
trajectory-cap6	s2_p400__tb72	6	7	-1	1	0.85	-1.18
trajectory-cap6	s2_p5000__tb72	15	13	2	2	1.04	1.92
trajectory-cap6	s2_p50__tb72	0	0	0	0	0.0	nan
trajectory-cap6	s2_p8000__tb72	13	11	2	2	1.05	1.9
trajectory-cap6	s2_p800__tb72	8	8	0	0	1.01	0.0
trajectory-cap6	s2_pend__tb72	15	15	0	0	0.06	0.0
trajectory-cap6	s2_r1__tb72	27	26	1	5	1.9	0.53
trajectory-cap6	s2_r2__tb72	30	30	0	8	2.18	0.0
trajectory-cap6	s2_r3__tb72	35	34	1	3	1.54	0.65
trajectory-cap6	s2_r4__tb72	36	37	-1	3	1.54	-0.65
trajectory-cap6	s2_r5__tb72	39	38	1	1	1.38	0.72
trajectory-cap6	s2_r6__tb72	40	39	1	3	1.3	0.77
trajectory-cap6	s2_r7__tb72	37	36	1	1	0.9	1.12
trajectory-cap6	s2_r8__tb72	38	39	-1	3	1.18	-0.85
textbook72	T1_SN12_s0 a512 vs a1024 (same seed 0)	37	37	0	0	1.72	0.0
