run	read	n_problems	attempts	solved	pool_hash	flag_mismatch	file_md5
textbook72	Fz_SN12_s0	72	18432	26	8789589d21	0	9a9f8a215c
textbook72	Fz_SN12_s1	72	18432	29	8789589d21	0	96ecc2fb9d
textbook72	Fz_SN12_s2	72	18432	32	8789589d21	0	e454b7653e
textbook72	Fz_SN12_s3	72	18432	26	8789589d21	0	abb5ae9783
textbook72	Fz_SN6_s0	72	18432	16	8789589d21	0	10891d5994
textbook72	Fz_SN6_s1	72	18432	14	8789589d21	0	ec6985bef4
textbook72	T1_SN12_s0	72	18432	37	8789589d21	0	1e00bcabda
textbook72	T1_SN12_s1	72	18432	38	8789589d21	0	ccdbfa787d
textbook72	T1_SN12_s2	72	18432	36	8789589d21	0	481c0abe40
textbook72	T1_SN12_s3	72	18432	38	8789589d21	0	88d9dd4243
textbook72	T1_SN6_s0	72	18432	22	8789589d21	0	bdf7e43b37
textbook72	T1_SN6_s1	72	18432	16	8789589d21	0	49b7505de9
textbook72-diag	T1_SN12_s0_a1024	72	18432	37	8789589d21	0	dfbbc63c8e
best-state	Fz_best12_s0__tb72	72	18432	32	8789589d21	0	56ec0bfb52
best-state	Fz_best12_s1__tb72	72	18432	27	8789589d21	0	366ef2823c
best-state	Fz_best12_s2__tb72	72	18432	27	8789589d21	0	39330b9e4a
best-state	Fz_best6_s0__tb72	72	18432	19	8789589d21	0	ca54b48403
best-state	Fz_best6_s1__tb72	72	18432	18	8789589d21	0	a9ca20c072
best-state	Fz_best6_s2__tb72	72	18432	20	8789589d21	0	8c5d2cc122
best-state	T1_best12_s0__tb72	72	18432	52	8789589d21	0	de1b350cbd
best-state	T1_best12_s1__tb72	72	18432	51	8789589d21	0	deb9ff0867
best-state	T1_best12_s2__tb72	72	18432	52	8789589d21	0	537eba6df2
best-state	T1_best6_s0__tb72	72	18432	39	8789589d21	0	f8bc7d9e58
best-state	T1_best6_s1__tb72	72	18432	40	8789589d21	0	91ceeae627
best-state	T1_best6_s2__tb72	72	18432	33	8789589d21	0	960b6bd2fb
trajectory	s0_p0__tb72_x0	72	18432	0	8789589d21	0	22ca0c9c70
trajectory	s0_p0__tb72_x1	72	18432	0	8789589d21	0	a1490411c6
trajectory	s0_p100__tb72_x0	72	18432	0	8789589d21	0	a7ddca5ba7
trajectory	s0_p100__tb72_x1	72	18432	0	8789589d21	0	eb4699eeb0
trajectory	s0_p12000__tb72_x0	72	18432	25	8789589d21	0	69e04b63c6
trajectory	s0_p12000__tb72_x1	72	18432	27	8789589d21	0	914f52e5a3
trajectory	s0_p16000__tb72_x0	72	18432	28	8789589d21	0	631c2d754b
trajectory	s0_p16000__tb72_x1	72	18432	26	8789589d21	0	4b61bf2aa2
trajectory	s0_p1600__tb72_x0	72	18432	11	8789589d21	0	73c020deeb
trajectory	s0_p1600__tb72_x1	72	18432	10	8789589d21	0	3753771383
trajectory	s0_p20000__tb72_x0	72	18432	33	8789589d21	0	404a837960
trajectory	s0_p20000__tb72_x1	72	18432	33	8789589d21	0	b98a0f6f54
trajectory	s0_p200__tb72_x0	72	18432	1	8789589d21	0	5bbd074ad5
trajectory	s0_p200__tb72_x1	72	18432	4	8789589d21	0	cd9f562a63
trajectory	s0_p3000__tb72_x0	72	18432	15	8789589d21	0	3ff4831949
trajectory	s0_p3000__tb72_x1	72	18432	19	8789589d21	0	8b2031ff0f
trajectory	s0_p400__tb72_x0	72	18432	8	8789589d21	0	5b48a5d1a6
trajectory	s0_p400__tb72_x1	72	18432	7	8789589d21	0	d9eafff1b9
trajectory	s0_p5000__tb72_x0	72	18432	21	8789589d21	0	b06fe4ab3e
trajectory	s0_p5000__tb72_x1	72	18432	19	8789589d21	0	11be1c2565
trajectory	s0_p50__tb72_x0	72	18432	0	8789589d21	0	7be6da2e87
trajectory	s0_p50__tb72_x1	72	18432	0	8789589d21	0	160341793d
trajectory	s0_p8000__tb72_x0	72	18432	22	8789589d21	0	3543788b54
trajectory	s0_p8000__tb72_x1	72	18432	25	8789589d21	0	71014ecffd
trajectory	s0_p800__tb72_x0	72	18432	10	8789589d21	0	f56806ac5b
trajectory	s0_p800__tb72_x1	72	18432	11	8789589d21	0	9b7965d9da
trajectory	s0_pend__tb72_x0	72	18432	32	8789589d21	0	5042def428
trajectory	s0_pend__tb72_x1	72	18432	34	8789589d21	0	7732fb99dd
trajectory	s0_r1__tb72_x0	72	18432	38	8789589d21	0	1f9e5801bc
trajectory	s0_r1__tb72_x1	72	18432	40	8789589d21	0	d1296a0b3a
trajectory	s0_r2__tb72_x0	72	18432	42	8789589d21	0	b9ea412500
trajectory	s0_r2__tb72_x1	72	18432	43	8789589d21	0	8503f605e4
trajectory	s0_r3__tb72_x0	72	18432	46	8789589d21	0	0078655db4
trajectory	s0_r3__tb72_x1	72	18432	46	8789589d21	0	82d5df4942
trajectory	s0_r4__tb72_x0	72	18432	50	8789589d21	0	30c643b783
trajectory	s0_r4__tb72_x1	72	18432	48	8789589d21	0	86cb5081d1
trajectory	s0_r5__tb72_x0	72	18432	51	8789589d21	0	9d210cf38c
trajectory	s0_r5__tb72_x1	72	18432	50	8789589d21	0	20d27089c4
trajectory	s0_r6__tb72_x0	72	18432	50	8789589d21	0	964c3dc0bc
trajectory	s0_r6__tb72_x1	72	18432	48	8789589d21	0	80f553b476
trajectory	s0_r7__tb72_x0	72	18432	50	8789589d21	0	796783c08d
trajectory	s0_r7__tb72_x1	72	18432	50	8789589d21	0	fa73483baa
trajectory	s0_r8__tb72_x0	72	18432	48	8789589d21	0	c868d5ecc1
trajectory	s0_r8__tb72_x1	72	18432	48	8789589d21	0	f4dbf439b3
trajectory	s1_p0__tb72_x0	72	18432	0	8789589d21	0	054469c163
trajectory	s1_p0__tb72_x1	72	18432	0	8789589d21	0	2e4ff06be4
trajectory	s1_p100__tb72_x0	72	18432	0	8789589d21	0	7dfdea7689
trajectory	s1_p100__tb72_x1	72	18432	0	8789589d21	0	6659422a06
trajectory	s1_p12000__tb72_x0	72	18432	21	8789589d21	0	9e0efd0f18
trajectory	s1_p12000__tb72_x1	72	18432	20	8789589d21	0	fe73eb922e
trajectory	s1_p16000__tb72_x0	72	18432	31	8789589d21	0	b48a1b144d
trajectory	s1_p16000__tb72_x1	72	18432	29	8789589d21	0	a56f61318f
trajectory	s1_p1600__tb72_x0	72	18432	13	8789589d21	0	6deb5d7bb2
trajectory	s1_p1600__tb72_x1	72	18432	14	8789589d21	0	9a82fc80a5
trajectory	s1_p20000__tb72_x0	72	18432	30	8789589d21	0	76c38f63d9
trajectory	s1_p20000__tb72_x1	72	18432	28	8789589d21	0	a2a963106b
trajectory	s1_p200__tb72_x0	72	18432	2	8789589d21	0	546c77b46a
trajectory	s1_p200__tb72_x1	72	18432	2	8789589d21	0	d2b9574dd0
trajectory	s1_p3000__tb72_x0	72	18432	13	8789589d21	0	0ca221405e
trajectory	s1_p3000__tb72_x1	72	18432	14	8789589d21	0	d4190b92be
trajectory	s1_p400__tb72_x0	72	18432	9	8789589d21	0	39efdec575
trajectory	s1_p400__tb72_x1	72	18432	9	8789589d21	0	bf83e54e29
trajectory	s1_p5000__tb72_x0	72	18432	20	8789589d21	0	a4b20a26a2
trajectory	s1_p5000__tb72_x1	72	18432	19	8789589d21	0	d98edab3e2
trajectory	s1_p50__tb72_x0	72	18432	0	8789589d21	0	843a1c4dba
trajectory	s1_p50__tb72_x1	72	18432	0	8789589d21	0	31e541bd3c
trajectory	s1_p8000__tb72_x0	72	18432	21	8789589d21	0	88be3549a6
trajectory	s1_p8000__tb72_x1	72	18432	20	8789589d21	0	8117165b6f
trajectory	s1_p800__tb72_x0	72	18432	9	8789589d21	0	6d23c5e6dc
trajectory	s1_p800__tb72_x1	72	18432	10	8789589d21	0	32b6fa4344
trajectory	s1_pend__tb72_x0	72	18432	32	8789589d21	0	5badc3dab7
trajectory	s1_pend__tb72_x1	72	18432	33	8789589d21	0	06d6b7175c
trajectory	s1_r1__tb72_x0	72	18432	41	8789589d21	0	f1bb296dff
trajectory	s1_r1__tb72_x1	72	18432	41	8789589d21	0	ee1c3245f6
trajectory	s1_r2__tb72_x0	72	18432	44	8789589d21	0	39d0ba12e7
trajectory	s1_r2__tb72_x1	72	18432	43	8789589d21	0	eb90fb37d6
trajectory	s1_r3__tb72_x0	72	18432	44	8789589d21	0	bbfbcb4f18
trajectory	s1_r3__tb72_x1	72	18432	44	8789589d21	0	b72ad2642a
trajectory	s1_r4__tb72_x0	72	18432	46	8789589d21	0	ef48d61268
trajectory	s1_r4__tb72_x1	72	18432	44	8789589d21	0	b01d1fde7b
trajectory	s1_r5__tb72_x0	72	18432	47	8789589d21	0	238873eacc
trajectory	s1_r5__tb72_x1	72	18432	48	8789589d21	0	e66c39875d
trajectory	s1_r6__tb72_x0	72	18432	46	8789589d21	0	4389a04fd7
trajectory	s1_r6__tb72_x1	72	18432	46	8789589d21	0	ef4bfdbaf1
trajectory	s1_r7__tb72_x0	72	18432	49	8789589d21	0	1043862d03
trajectory	s1_r7__tb72_x1	72	18432	49	8789589d21	0	3ba3ba99ce
trajectory	s1_r8__tb72_x0	72	18432	49	8789589d21	0	a94b64dd13
trajectory	s1_r8__tb72_x1	72	18432	48	8789589d21	0	10efb87f1d
trajectory	s2_p0__tb72_x0	72	18432	0	8789589d21	0	06477ca030
trajectory	s2_p0__tb72_x1	72	18432	0	8789589d21	0	37b38c0304
trajectory	s2_p100__tb72_x0	72	18432	0	8789589d21	0	219340b313
trajectory	s2_p100__tb72_x1	72	18432	0	8789589d21	0	d097162bcb
trajectory	s2_p12000__tb72_x0	72	18432	22	8789589d21	0	9edf1d22a1
trajectory	s2_p12000__tb72_x1	72	18432	22	8789589d21	0	5dc508b6a3
trajectory	s2_p16000__tb72_x0	72	18432	29	8789589d21	0	59dca1331c
trajectory	s2_p16000__tb72_x1	72	18432	28	8789589d21	0	5607eb6a40
trajectory	s2_p1600__tb72_x0	72	18432	14	8789589d21	0	c0fd78caec
trajectory	s2_p1600__tb72_x1	72	18432	13	8789589d21	0	92393b549a
trajectory	s2_p20000__tb72_x0	72	18432	27	8789589d21	0	6175bb34ed
trajectory	s2_p20000__tb72_x1	72	18432	27	8789589d21	0	c840137d34
trajectory	s2_p200__tb72_x0	72	18432	2	8789589d21	0	31b1eb2688
trajectory	s2_p200__tb72_x1	72	18432	2	8789589d21	0	62b62e96e3
trajectory	s2_p3000__tb72_x0	72	18432	16	8789589d21	0	de0cada88e
trajectory	s2_p3000__tb72_x1	72	18432	19	8789589d21	0	d7d22857d5
trajectory	s2_p400__tb72_x0	72	18432	7	8789589d21	0	409ca6237f
trajectory	s2_p400__tb72_x1	72	18432	7	8789589d21	0	cf7dd4e4cc
trajectory	s2_p5000__tb72_x0	72	18432	19	8789589d21	0	f9c654e506
trajectory	s2_p5000__tb72_x1	72	18432	18	8789589d21	0	c1475be670
trajectory	s2_p50__tb72_x0	72	18432	0	8789589d21	0	c228acc294
trajectory	s2_p50__tb72_x1	72	18432	0	8789589d21	0	7f8c35fbfa
trajectory	s2_p8000__tb72_x0	72	18432	22	8789589d21	0	29792526af
trajectory	s2_p8000__tb72_x1	72	18432	23	8789589d21	0	9f7a0909e5
trajectory	s2_p800__tb72_x0	72	18432	9	8789589d21	0	720a60302f
trajectory	s2_p800__tb72_x1	72	18432	10	8789589d21	0	9e2e4480a7
trajectory	s2_pend__tb72_x0	72	18432	38	8789589d21	0	f38c3825c3
trajectory	s2_pend__tb72_x1	72	18432	36	8789589d21	0	712282efd0
trajectory	s2_r1__tb72_x0	72	18432	48	8789589d21	0	d28a035b11
trajectory	s2_r1__tb72_x1	72	18432	47	8789589d21	0	edb239943d
trajectory	s2_r2__tb72_x0	72	18432	51	8789589d21	0	0b38127691
trajectory	s2_r2__tb72_x1	72	18432	53	8789589d21	0	b5f41609b3
trajectory	s2_r3__tb72_x0	72	18432	56	8789589d21	0	9610826528
trajectory	s2_r3__tb72_x1	72	18432	54	8789589d21	0	0c9a2861f1
trajectory	s2_r4__tb72_x0	72	18432	55	8789589d21	0	f7dd28dc42
trajectory	s2_r4__tb72_x1	72	18432	56	8789589d21	0	805cdb8f75
trajectory	s2_r5__tb72_x0	72	18432	54	8789589d21	0	e95fc59089
trajectory	s2_r5__tb72_x1	72	18432	53	8789589d21	0	00ee5bf618
trajectory	s2_r6__tb72_x0	72	18432	57	8789589d21	0	773c251391
trajectory	s2_r6__tb72_x1	72	18432	56	8789589d21	0	bb73ac3f89
trajectory	s2_r7__tb72_x0	72	18432	55	8789589d21	0	77316eb63d
trajectory	s2_r7__tb72_x1	72	18432	53	8789589d21	0	d34731d36f
trajectory	s2_r8__tb72_x0	72	18432	54	8789589d21	0	6f328aa3a9
trajectory	s2_r8__tb72_x1	72	18432	53	8789589d21	0	f84d831fd2
trajectory-cap6	s0_p0__tb72_x0	72	18432	0	8789589d21	0	22ca0c9c70
trajectory-cap6	s0_p0__tb72_x1	72	18432	0	8789589d21	0	a1490411c6
trajectory-cap6	s0_p100__tb72_x0	72	18432	0	8789589d21	0	7b12167b70
trajectory-cap6	s0_p100__tb72_x1	72	18432	0	8789589d21	0	7d379f64c4
trajectory-cap6	s0_p12000__tb72_x0	72	18432	9	8789589d21	0	f4bd1b0491
trajectory-cap6	s0_p12000__tb72_x1	72	18432	8	8789589d21	0	ecfee350da
trajectory-cap6	s0_p16000__tb72_x0	72	18432	17	8789589d21	0	ed2bf42986
trajectory-cap6	s0_p16000__tb72_x1	72	18432	19	8789589d21	0	a6460f685a
trajectory-cap6	s0_p1600__tb72_x0	72	18432	7	8789589d21	0	a89c7cea0c
trajectory-cap6	s0_p1600__tb72_x1	72	18432	7	8789589d21	0	0574f7ad52
trajectory-cap6	s0_p20000__tb72_x0	72	18432	21	8789589d21	0	ba515df4c5
trajectory-cap6	s0_p20000__tb72_x1	72	18432	22	8789589d21	0	a3d32cc0f1
trajectory-cap6	s0_p200__tb72_x0	72	18432	1	8789589d21	0	7d417cc7aa
trajectory-cap6	s0_p200__tb72_x1	72	18432	2	8789589d21	0	e1b35a5e0d
trajectory-cap6	s0_p3000__tb72_x0	72	18432	8	8789589d21	0	26ff2fd539
trajectory-cap6	s0_p3000__tb72_x1	72	18432	10	8789589d21	0	155c8b8eb2
trajectory-cap6	s0_p400__tb72_x0	72	18432	7	8789589d21	0	aace62dff4
trajectory-cap6	s0_p400__tb72_x1	72	18432	7	8789589d21	0	dd0adc6753
trajectory-cap6	s0_p5000__tb72_x0	72	18432	8	8789589d21	0	aa76134d98
trajectory-cap6	s0_p5000__tb72_x1	72	18432	10	8789589d21	0	9774c7af70
trajectory-cap6	s0_p50__tb72_x0	72	18432	0	8789589d21	0	9375c902ae
trajectory-cap6	s0_p50__tb72_x1	72	18432	0	8789589d21	0	a095c05859
trajectory-cap6	s0_p8000__tb72_x0	72	18432	14	8789589d21	0	e94c326f1e
trajectory-cap6	s0_p8000__tb72_x1	72	18432	13	8789589d21	0	d97df1335d
trajectory-cap6	s0_p800__tb72_x0	72	18432	6	8789589d21	0	9d5351c5e5
trajectory-cap6	s0_p800__tb72_x1	72	18432	7	8789589d21	0	23892b4253
trajectory-cap6	s0_pend__tb72_x0	72	18432	17	8789589d21	0	3526efb3e7
trajectory-cap6	s0_pend__tb72_x1	72	18432	18	8789589d21	0	61e898c0ad
trajectory-cap6	s0_r1__tb72_x0	72	18432	28	8789589d21	0	146efe9ed7
trajectory-cap6	s0_r1__tb72_x1	72	18432	27	8789589d21	0	bc21efb443
trajectory-cap6	s0_r2__tb72_x0	72	18432	30	8789589d21	0	67d17ae700
trajectory-cap6	s0_r2__tb72_x1	72	18432	30	8789589d21	0	117f66e9f0
trajectory-cap6	s0_r3__tb72_x0	72	18432	33	8789589d21	0	2d82c36a10
trajectory-cap6	s0_r3__tb72_x1	72	18432	34	8789589d21	0	f2c183adb1
trajectory-cap6	s0_r4__tb72_x0	72	18432	39	8789589d21	0	19526d9346
trajectory-cap6	s0_r4__tb72_x1	72	18432	39	8789589d21	0	043c871cb9
trajectory-cap6	s0_r5__tb72_x0	72	18432	39	8789589d21	0	87e583976b
trajectory-cap6	s0_r5__tb72_x1	72	18432	39	8789589d21	0	6ef35a43e8
trajectory-cap6	s0_r6__tb72_x0	72	18432	42	8789589d21	0	09a97c1554
trajectory-cap6	s0_r6__tb72_x1	72	18432	42	8789589d21	0	3b1a6731c4
trajectory-cap6	s0_r7__tb72_x0	72	18432	39	8789589d21	0	6be3538b81
trajectory-cap6	s0_r7__tb72_x1	72	18432	39	8789589d21	0	2ba0c98ef2
trajectory-cap6	s0_r8__tb72_x0	72	18432	43	8789589d21	0	c58eb8fbb4
trajectory-cap6	s0_r8__tb72_x1	72	18432	43	8789589d21	0	ae9cc4fc94
trajectory-cap6	s1_p0__tb72_x0	72	18432	0	8789589d21	0	054469c163
trajectory-cap6	s1_p0__tb72_x1	72	18432	0	8789589d21	0	2e4ff06be4
trajectory-cap6	s1_p100__tb72_x0	72	18432	0	8789589d21	0	425a991ab7
trajectory-cap6	s1_p100__tb72_x1	72	18432	0	8789589d21	0	88492da58b
trajectory-cap6	s1_p12000__tb72_x0	72	18432	16	8789589d21	0	46770fcb3b
trajectory-cap6	s1_p12000__tb72_x1	72	18432	15	8789589d21	0	ede22415ee
trajectory-cap6	s1_p16000__tb72_x0	72	18432	17	8789589d21	0	57ad830928
trajectory-cap6	s1_p16000__tb72_x1	72	18432	16	8789589d21	0	eb02af496b
trajectory-cap6	s1_p1600__tb72_x0	72	18432	13	8789589d21	0	16d1df0f11
trajectory-cap6	s1_p1600__tb72_x1	72	18432	9	8789589d21	0	fcd51aa47f
trajectory-cap6	s1_p20000__tb72_x0	72	18432	14	8789589d21	0	4dd9b73d0a
trajectory-cap6	s1_p20000__tb72_x1	72	18432	14	8789589d21	0	c84e0c3dfd
trajectory-cap6	s1_p200__tb72_x0	72	18432	1	8789589d21	0	488e264b2c
trajectory-cap6	s1_p200__tb72_x1	72	18432	1	8789589d21	0	5228a6890e
trajectory-cap6	s1_p3000__tb72_x0	72	18432	9	8789589d21	0	513fcb0580
trajectory-cap6	s1_p3000__tb72_x1	72	18432	8	8789589d21	0	e494896949
trajectory-cap6	s1_p400__tb72_x0	72	18432	7	8789589d21	0	33d44c1a96
trajectory-cap6	s1_p400__tb72_x1	72	18432	6	8789589d21	0	cbd49d72d2
trajectory-cap6	s1_p5000__tb72_x0	72	18432	13	8789589d21	0	0160dedf32
trajectory-cap6	s1_p5000__tb72_x1	72	18432	13	8789589d21	0	8dc146b006
trajectory-cap6	s1_p50__tb72_x0	72	18432	0	8789589d21	0	2ac6d7f585
trajectory-cap6	s1_p50__tb72_x1	72	18432	0	8789589d21	0	7b2111dfef
trajectory-cap6	s1_p8000__tb72_x0	72	18432	13	8789589d21	0	8dc9cbf3ad
trajectory-cap6	s1_p8000__tb72_x1	72	18432	13	8789589d21	0	289d74440c
trajectory-cap6	s1_p800__tb72_x0	72	18432	7	8789589d21	0	4b6285436e
trajectory-cap6	s1_p800__tb72_x1	72	18432	8	8789589d21	0	be7ab99db5
trajectory-cap6	s1_pend__tb72_x0	72	18432	14	8789589d21	0	da874f2e02
trajectory-cap6	s1_pend__tb72_x1	72	18432	18	8789589d21	0	91f6432391
trajectory-cap6	s1_r1__tb72_x0	72	18432	29	8789589d21	0	0e36ce4732
trajectory-cap6	s1_r1__tb72_x1	72	18432	27	8789589d21	0	c24b74fb27
trajectory-cap6	s1_r2__tb72_x0	72	18432	32	8789589d21	0	4fbddedd2b
trajectory-cap6	s1_r2__tb72_x1	72	18432	29	8789589d21	0	dbed7aef5e
trajectory-cap6	s1_r3__tb72_x0	72	18432	36	8789589d21	0	3af3d3fa2f
trajectory-cap6	s1_r3__tb72_x1	72	18432	36	8789589d21	0	f3dad38466
trajectory-cap6	s1_r4__tb72_x0	72	18432	39	8789589d21	0	46895da432
trajectory-cap6	s1_r4__tb72_x1	72	18432	41	8789589d21	0	5ad5de1f02
trajectory-cap6	s1_r5__tb72_x0	72	18432	42	8789589d21	0	3a78f567b6
trajectory-cap6	s1_r5__tb72_x1	72	18432	41	8789589d21	0	53e852c3aa
trajectory-cap6	s1_r6__tb72_x0	72	18432	42	8789589d21	0	dd687e79fc
trajectory-cap6	s1_r6__tb72_x1	72	18432	42	8789589d21	0	4dddb5499c
trajectory-cap6	s1_r7__tb72_x0	72	18432	42	8789589d21	0	811a2a859b
trajectory-cap6	s1_r7__tb72_x1	72	18432	43	8789589d21	0	10cca5269e
trajectory-cap6	s1_r8__tb72_x0	72	18432	41	8789589d21	0	2817abbdd9
trajectory-cap6	s1_r8__tb72_x1	72	18432	43	8789589d21	0	1940eec3f8
trajectory-cap6	s2_p0__tb72_x0	72	18432	0	8789589d21	0	06477ca030
trajectory-cap6	s2_p0__tb72_x1	72	18432	0	8789589d21	0	37b38c0304
trajectory-cap6	s2_p100__tb72_x0	72	18432	0	8789589d21	0	91e319c6ea
trajectory-cap6	s2_p100__tb72_x1	72	18432	0	8789589d21	0	64c9d0f44d
trajectory-cap6	s2_p12000__tb72_x0	72	18432	17	8789589d21	0	1a42c7bf80
trajectory-cap6	s2_p12000__tb72_x1	72	18432	18	8789589d21	0	5600fa40ec
trajectory-cap6	s2_p16000__tb72_x0	72	18432	12	8789589d21	0	4687f0fe8c
trajectory-cap6	s2_p16000__tb72_x1	72	18432	13	8789589d21	0	e59df74ef4
trajectory-cap6	s2_p1600__tb72_x0	72	18432	7	8789589d21	0	28bf5afa85
trajectory-cap6	s2_p1600__tb72_x1	72	18432	8	8789589d21	0	cd686ff297
trajectory-cap6	s2_p20000__tb72_x0	72	18432	17	8789589d21	0	88cb979847
trajectory-cap6	s2_p20000__tb72_x1	72	18432	16	8789589d21	0	bd45557f25
trajectory-cap6	s2_p200__tb72_x0	72	18432	4	8789589d21	0	11b18addf8
trajectory-cap6	s2_p200__tb72_x1	72	18432	4	8789589d21	0	66904cb0b8
trajectory-cap6	s2_p3000__tb72_x0	72	18432	4	8789589d21	0	579d202447
trajectory-cap6	s2_p3000__tb72_x1	72	18432	5	8789589d21	0	334f47feda
trajectory-cap6	s2_p400__tb72_x0	72	18432	6	8789589d21	0	d0d16cacaa
trajectory-cap6	s2_p400__tb72_x1	72	18432	7	8789589d21	0	ec4a8fe0eb
trajectory-cap6	s2_p5000__tb72_x0	72	18432	15	8789589d21	0	557503f5a8
trajectory-cap6	s2_p5000__tb72_x1	72	18432	13	8789589d21	0	b61d30462d
trajectory-cap6	s2_p50__tb72_x0	72	18432	0	8789589d21	0	494a3161bd
trajectory-cap6	s2_p50__tb72_x1	72	18432	0	8789589d21	0	11b14681c3
trajectory-cap6	s2_p8000__tb72_x0	72	18432	13	8789589d21	0	8d3afd8a65
trajectory-cap6	s2_p8000__tb72_x1	72	18432	11	8789589d21	0	78f4cf6614
trajectory-cap6	s2_p800__tb72_x0	72	18432	8	8789589d21	0	cdc08082e7
trajectory-cap6	s2_p800__tb72_x1	72	18432	8	8789589d21	0	9e3adabed4
trajectory-cap6	s2_pend__tb72_x0	72	18432	15	8789589d21	0	99d48409eb
trajectory-cap6	s2_pend__tb72_x1	72	18432	15	8789589d21	0	0d267864f7
trajectory-cap6	s2_r1__tb72_x0	72	18432	27	8789589d21	0	e1a9fd5a49
trajectory-cap6	s2_r1__tb72_x1	72	18432	26	8789589d21	0	f25f6edbae
trajectory-cap6	s2_r2__tb72_x0	72	18432	30	8789589d21	0	f65872d3b8
trajectory-cap6	s2_r2__tb72_x1	72	18432	30	8789589d21	0	316afe73ca
trajectory-cap6	s2_r3__tb72_x0	72	18432	35	8789589d21	0	b90fa61055
trajectory-cap6	s2_r3__tb72_x1	72	18432	34	8789589d21	0	f98b9bcab4
trajectory-cap6	s2_r4__tb72_x0	72	18432	36	8789589d21	0	175ca5d465
trajectory-cap6	s2_r4__tb72_x1	72	18432	37	8789589d21	0	5bc39a0dc2
trajectory-cap6	s2_r5__tb72_x0	72	18432	39	8789589d21	0	e0ee759527
trajectory-cap6	s2_r5__tb72_x1	72	18432	38	8789589d21	0	1e9965dc0c
trajectory-cap6	s2_r6__tb72_x0	72	18432	40	8789589d21	0	a2a9c1ba02
trajectory-cap6	s2_r6__tb72_x1	72	18432	39	8789589d21	0	c98aa1c664
trajectory-cap6	s2_r7__tb72_x0	72	18432	37	8789589d21	0	39ab04366d
trajectory-cap6	s2_r7__tb72_x1	72	18432	36	8789589d21	0	6a1ae331ec
trajectory-cap6	s2_r8__tb72_x0	72	18432	38	8789589d21	0	211957e936
trajectory-cap6	s2_r8__tb72_x1	72	18432	39	8789589d21	0	fbdcec2b32
