R3:la_transfer_1759	True	True	/tmp/tmpyuv8hnij/T.lean:1:13: warning: Variable name `Q` is not explicitly referenced.
R3:la_transfer_1759:wrongthm:la_transfer_1314	False	False	/tmp/tmpy2r9fx9t/T.lean:2:18: error: Type mismatch
R3:la_transfer_543	True	True	/tmp/tmplds6q8m2/T.lean:1:11: warning: Variable name `P` is not explicitly referenced.
R3:la_transfer_543:wrongthm:la_transfer_330	False	False	/tmp/tmp28sms9lm/T.lean:2:34: error(lean.unknownIdentifier): Unknown identifier `h1`
R3:la_transfer_1645	True	True	
R3:la_transfer_1645:wrongthm:la_transfer_1277	False	False	/tmp/tmpwei5y22w/T.lean:2:42: error: Type mismatch
R2:la_transfer_191	True	True	/tmp/tmpguxk1op3/T.lean:1:17: warning: Variable name `S` is not explicitly referenced.
R2:la_transfer_191:wrongthm:la_transfer_543	False	False	/tmp/tmpdhmnc28h/T.lean:2:18: error: Type mismatch
R2:la_transfer_880	True	True	
R2:la_transfer_880:wrongthm:la_transfer_87	False	False	/tmp/tmpk7vl4_oq/T.lean:2:46: error: Type mismatch
R2:la_transfer_1004	True	True	/tmp/tmpsix7jr4p/T.lean:1:15: warning: Variable name `R` is not explicitly referenced.
R2:la_transfer_1004:wrongthm:la_transfer_31	False	False	/tmp/tmpuga3z1kt/T.lean:2:725: error: Type mismatch
R2:la_transfer_1893	True	True	
R2:la_transfer_1893:wrongthm:la_transfer_87	False	False	/tmp/tmp963q29ig/T.lean:2:26: error: Type mismatch
R2:la_transfer_543	True	True	/tmp/tmpn92qxcov/T.lean:1:11: warning: Variable name `P` is not explicitly referenced.
R2:la_transfer_543:wrongthm:la_transfer_588	False	False	/tmp/tmpaxevfi5c/T.lean:2:34: error: Type mismatch
R2:la_transfer_1423	True	True	
R2:la_transfer_1423:wrongthm:la_transfer_1645	False	False	/tmp/tmpkrjr60lo/T.lean:2:26: error: Type mismatch
R2:la_transfer_616	True	True	
R2:la_transfer_616:wrongthm:la_transfer_100	False	False	/tmp/tmpons_1eq3/T.lean:2:42: error: Type mismatch
R2:la_transfer_1645	True	True	
R2:la_transfer_1645:wrongthm:la_transfer_381	False	False	/tmp/tmpdedlhv8p/T.lean:2:41: error: Type mismatch
R2:la_transfer_31	True	True	/tmp/tmpltq4xj8w/T.lean:1:17: warning: Variable name `S` is not explicitly referenced.
R2:la_transfer_31:wrongthm:la_transfer_191	False	False	/tmp/tmpt6pfojtf/T.lean:2:26: error: Type mismatch
R2:la_transfer_31	True	True	/tmp/tmp5_1tkcnr/T.lean:1:17: warning: Variable name `S` is not explicitly referenced.
R2:la_transfer_31:wrongthm:la_transfer_543	False	False	/tmp/tmpqmqkj2nj/T.lean:2:26: error: Type mismatch
R2:la_transfer_1645	True	True	
R2:la_transfer_1645:wrongthm:la_transfer_1423	False	False	/tmp/tmpxyulh8xy/T.lean:2:42: error: Type mismatch
R2:la_transfer_616	True	True	
R2:la_transfer_616:wrongthm:la_transfer_1645	False	False	/tmp/tmph6be9gxd/T.lean:2:42: error: Type mismatch
R1:la_transfer_880	True	True	
R1:la_transfer_880:wrongthm:la_transfer_1314	False	False	/tmp/tmp25jti5qz/T.lean:2:45: error: Type mismatch
R1:la_transfer_2169	True	True	
R1:la_transfer_2169:wrongthm:la_transfer_543	False	False	/tmp/tmpyu2iu2s5/T.lean:2:18: error: Type mismatch
R1:la_transfer_1437	True	True	
R1:la_transfer_1437:wrongthm:la_transfer_454	False	False	/tmp/tmpt5dg78h5/T.lean:2:18: error: Type mismatch
R1:la_transfer_87	True	True	/tmp/tmp2kk143ax/T.lean:1:17: warning: Variable name `S` is not explicitly referenced.
R1:la_transfer_87:wrongthm:la_transfer_1314	False	False	/tmp/tmpwivty37p/T.lean:2:34: error: Type mismatch
R1:la_transfer_1314	True	True	/tmp/tmp8izckail/T.lean:1:13: warning: Variable name `Q` is not explicitly referenced.
R1:la_transfer_1314:wrongthm:la_transfer_1858	False	False	/tmp/tmpdi58ed4w/T.lean:2:17: error: Type mismatch
R1:la_transfer_1423	True	True	
R1:la_transfer_1423:wrongthm:la_transfer_1759	False	False	/tmp/tmpwamgakgh/T.lean:2:26: error: Type mismatch
R1:la_transfer_191	True	True	/tmp/tmpzk4_2vox/T.lean:1:17: warning: Variable name `S` is not explicitly referenced.
R1:la_transfer_191:wrongthm:la_transfer_1013	False	False	/tmp/tmprnrcxvh3/T.lean:2:17: error: Type mismatch
R1:la_transfer_149	True	True	/tmp/tmpzuvjv1i6/T.lean:1:13: warning: Variable name `Q` is not explicitly referenced.
R1:la_transfer_149:wrongthm:la_transfer_235	False	False	/tmp/tmp2rv2nc6g/T.lean:2:26: error(lean.unknownIdentifier): Unknown identifier `h1`
R1:la_transfer_1004	True	True	/tmp/tmp2u72qzre/T.lean:1:15: warning: Variable name `R` is not explicitly referenced.
R1:la_transfer_1004:wrongthm:la_transfer_1314	False	False	/tmp/tmpowz5wbck/T.lean:2:725: error: Type mismatch
R1:la_transfer_616	True	True	
R1:la_transfer_616:wrongthm:la_transfer_100	False	False	/tmp/tmpunyogbl_/T.lean:2:41: error: Type mismatch
R1:la_transfer_1423	True	True	
R1:la_transfer_1423:wrongthm:la_transfer_1277	False	False	/tmp/tmp1ka1jy1l/T.lean:2:25: error: Type mismatch
R1:la_transfer_1729	True	True	
R1:la_transfer_1729:wrongthm:la_transfer_1645	False	False	/tmp/tmpis1epcro/T.lean:2:72: error: Type mismatch
