checkpoint	gpu	gpu_seconds	attempts	actions	gen_tokens	lean_checks	train_steps	train_tokens
Fz_SN12_s0	A40	87.0	18432	173149	2391350	1024	0	0
Fz_SN12_s1	A40	79.4	18432	170400	2323414	1273	0	0
Fz_SN12_s2	A40	77.0	18432	174982	2398307	1187	0	0
Fz_SN12_s3	A40	73.2	18432	176208	2386073	1217	0	0
Fz_SN6_s0	A40	43.4	18432	118863	1645730	368	0	0
Fz_SN6_s1	A40	48.8	18432	108038	1536634	325	0	0
T1_SN12_diag1024_s0	A40	116.8	18432	233525	3159852	2118	0	0
T1_SN12_s0	A40	108.6	18432	233525	3153678	2118	0	0
T1_SN12_s1	A40	101.7	18432	232505	3094376	2339	0	0
T1_SN12_s2	A40	101.0	18432	229445	3071716	2898	0	0
T1_SN12_s3	A40	108.1	18432	245060	3264534	2227	0	0
T1_SN6_s0	A40	57.9	18432	143570	1976203	1051	0	0
T1_SN6_s1	A40	50.8	18432	135955	1836643	627	0	0
total	A40	1053.8	239616	2375225	32238510	18772	0	0
