"id","date","title","area","owner","model","params","format","init","train_set","cap","protocol","checker","headline","review_status","source"
"leon-rl-hillclimb-ab","2026-09-23","GEAR-Evolve vs review-gated orchestration: two agent frameworks hill-climb the RL stage (run 1)","rl_algorithm;search_exploration","leon","share_pretrain_4l_seed0 (Robbie) + agent-written rl.py; GEAR n025/n017, orch exp13/exp23","3.2M","token","scratch","RL targets ladder-A rl_targets L7-9 (3,804) + cap-6 retention 154,990","6","dev 1,610 (L7-9) pass@32 T0.8; sealed L10 907, L11-14 459, textbook_dev58; 2 sampling seeds; 600 s RL per experiment; 1 training seed per recipe","nd_verify","Dev pass@32 solved: GEAR 401, orchestration 339 (incumbent 324), seed recipe 238, pretrained 7 of 1,610; textbook58 5-7 solved for every RL checkpoint vs 7/9 pretrained, 0 of 43 with reference >= 7 lines; dev pass@1 12.5-14.5% (ranking reverses vs pass@32).","unreviewed","nd-rl:leon/home-rolled-rl:experiment-summaries/2026-09-23-rl-hillclimb-ab/README.md"
"leon-rl-hillclimb-run2","2026-09-24","Run 2: seven GEAR workers + auditor hill-climb RL towards proofs of length 12-14","rl_algorithm;search_exploration","leon","same 3.2M pretrain + RL; n078 BEST, n092 LEAN, champion 2 (n060 recipe, 2 h, full pool)","3.2M","token","scratch","15,738 targets true length 6-11 (built with fork generator) + cap-6 retention","6","search: dev 1,200 (L8-11) pass@32, frontier 1,000 (L12-14) pass@64 T0.8; sealed L12-14 1,931 at k=64/256, textbook58 k=256 T0.8 plain sampling; line-verified sampling used in training only","nd_verify","Champion 2 proves 707 of 1,931 sealed L12-14 theorems at pass@256 (570/127/10 at L12/13/14; pretrained and run-1 best 0) and 10 of 58 textbook (first 7- and 8-line textbook solves, 3 of 43); sealed L12-14 pass@1 12.4%, textbook pass@1 5.2% vs 4.1% pretrained.","unreviewed","nd-rl:leon/home-rolled-rl:experiment-summaries/2026-09-24-rl-hillclimb-run2/README.md"
"leon-length-generalisation","2026-09-25","Length generalisation: does RL on longer proofs generalise or only move the edge (arms A/B/C/D, RL caps 7/9/11)","create_vs_elicit;data_caps","leon","run-3 base (cap-6 pretrain) + plain EI arms A (6-7), B (6-9), C (6-11), D (C + constructed composition targets)","3.2M","token","scratch","6,000-target subsets per run from run-2 pool; cap-6 retention 20,000/round","6 (pretrain); RL caps 7/9/11","test L6-18 up to 300 per length, 32 samples T0.8, unbiased pass@k; 3 seeds (101-103) per RL arm; equal metered budget 3.9e15 FLOPs","nd_verify","pass@1 one line past each arm's RL maximum is 2.8-4.3%, two lines past <= 0.3%, nothing at L14-18; arm C 12.7% at L11 vs 0% pretrain; joined conjunctions solved at 15-21% of the part product.","unreviewed","nd-rl:leon/home-rolled-rl:experiment-summaries/2026-09-25-length-generalisation/README.md"
"leon-repr-goals-length","2026-09-25","Representation (abs/rel/nope/pos-line/pos-rand) and goal notes vs the length wall","format","leon","4L d256 variants pretrained + arm-C RL (3 seeds each)","3.2M","token (variants)","scratch","cap-6 pretrain; RL L6-11","6; RL 11","test L6-18, 32 samples T0.8; 3 seeds; pos-rand pretrained only","nd_verify","No representation moves the wall: pass@1 <= 2.2% at L13 and 0.0% at L14-18 for every variant; nope = abs (9.6% at L12), pos-line 4.2%, goal notes 2.2% vs 0.6% at L13.","unreviewed","nd-rl:leon/home-rolled-rl:experiment-summaries/2026-09-25-representation-and-goals-length/README.md"
"leon-midtrain-long-glued","2026-09-26","Mid-training on long glued proofs before RL","pretrain_recipe;create_vs_elicit","leon","039 s0 pretrain + mid-training arms base/long/short/more + arm-C RL","3.2M","token","scratch","2,000 glued proofs (16-24 or 6-11 lines) + 8,000 cap-6 records","6; RL 11","standard and constructed test sets L6-26, 32 samples T0.8; one seed","nd_verify","After RL, long mid-training is no better past L11 and worse on natural L12-14 (2.9% vs 5.3% pass@1); in distribution L6-11 49.7% long vs 46.7% base.","unreviewed","nd-rl:leon/home-rolled-rl:experiment-summaries/2026-09-26-midtraining-long-glued/README.md"
"leon-ndbench","2026-09-30","ndbench capability benchmarks for base vs RL provers (Yue-style pass@k, families, glue, skills, EDL, likelihood, steering, interpolation, probes)","measurement;create_vs_elicit","leon","base = ab2 pretrain.pt (f4409e4f); rl = run-2 champion 2 (548a9e34); armC = length-exp C_s101","3.2M","token","scratch","see source runs","6","textbook_dev58 pass@k up to k=4096 T0.8; 12 suites; single checkpoint per model, one sampling seed; item bootstrap CIs","other:nd_v2 (nd_verify + forward-citation fix)","textbook_dev58 pass@1 / pass@4096: base 4.1% / 17.2%, rl 5.5% / 22.4%, armC 9.3% / 13.8%; ~40% of bootstrap resamples show a base/rl crossover; base assigns ~7.0 nats/line less than rl to neutral proofs of rl-only theorems.","reviewed","nd-rl:leon/benchmarking:experiment-summaries/2026-09-30-benchmarking/README.md"
"leon-ndbench-dan-models","2026-10-01","ndbench panel run on Dan's 12 best-state checkpoints (dan{6,12}-{fz,t1}-s{0,1,2})","measurement","leon","Dan best-state SN lean_staten best6/best12 Stage-1 and T1, 3 seeds","9.56M","lean_staten","scratch","cap-6 155k / K12 155k","6/12","schedule_dan.yaml D1-D10 + interp; Lean judge lean_v2","lean_only","Plan, adapters, Lean judge and dashboard code committed; no result numbers for Dan's models are committed on the branch (outputs on /scratch).","n/a","nd-rl:leon/benchmarking-dan:code/experiments/current/benchmarking_20260930/DANSTATE_PLAN.md"
"leon-nd-verify-fix","2026-10-01","nd_verify forward box-citation fix","infrastructure;measurement","leon","","","token","","","","scan of 876,479 accepted proofs from Leon hill-climb runs 1-3","nd_verify","Unfixed box_citable lets a line discharge a later box that cites it, so circular proofs of non-theorems (e.g. |- P > Q) verify; fix adds `if e >= i: return False`; 0 of 876,479 Leon-run proofs used a forward citation.","unreviewed","nd-rl:leon/nd-verify-fix:code/shared_code/nd_verify/README.md"
"leon-rl-dashboards","2026-09-26","RL run dashboards (static HTML renderer, instrumented seed recipe, frozen-control run)","infrastructure","leon","039 s0 base (frozen control)","3.2M","token","scratch","","","","n/a","Tool and proposal note; dashboards rendered on /scratch; no new experimental result.","n/a","nd-rl:leon/rl-dashboards:docs/proposals/2026-09-23-rl-run-dashboards.md"
"dmitry-textbook72-eval-data","2026-09-22","Cap-comparison raw eval sets: textbook_dev (58), textbook_train (14), synthetic_dev","measurement","dmitry","","","token","","","","data only (no numbers); textbook_train14 were RL training prompts in the cap-comparison sprint, dev58 its dev benchmark","n/a","Adds the 72 textbook prompts; sha256 identical to the fork's data/eval_only/textbook72 files (dev 1b04192d..., train e6a219e0...); third slice old_final (73) unrecoverable.","n/a","nd-rl:dmitry/cap-comparison-textbook-eval-data:code/experiments/archived/cap_comparison_20260910/IMPORT.md"
"charles-exp00-local-check","2026-09-23","ws3 exp-00: TRL GRPO wiring check on the pretrained 3.2M prover (CPU)","infrastructure;rl_algorithm","charles","share_pretrain_4l_seed0 pretrain.pt (f4409e4f) + 50 GRPO steps","3.2M","token","scratch","train.jsonl lengths 3-5","6","textbook72 k=64 T1.0 seed 0; heldout greedy 1,000; rl_targets 200 pass@32 T1.0","other:strict_verify(nd_verify)","Textbook72 10/72 (8 dev58, 2 train14) both frozen and after RL, 0/43 at reference >= 7; long-pool pass@32 14/200 vs 11/200; KL 0.0017.","reviewed","nd-rl:charles/main:experiments/ws3/exp-00-local-check/results.md"
"charles-exp00c-lr-ei","2026-09-27","ws3 exp-00c: GRPO lr sweep (3e-5/1e-4/3e-4) vs expert iteration on CPU","rl_algorithm;create_vs_elicit","charles","Robbie 039_muon-adamw-finish-5pct_s1 (418af3f9) + GRPO/EI","","token","scratch","198-prompt pool (rl_targets train half L7/L8 + 63 L6), filtered to 1-7/8 frozen solves","6","eval 200 (160 L7, 40 L8) 32 samples T1.0; textbook72 32 samples T1.0; seed 0; ~12.3k samples per arm","other:strict_verify(nd_verify)","L7 avg solve rate 0.122 frozen -> 0.39-0.43 GRPO, 0.545 EI; EI L8 0 -> 0.266; textbook72 avg 0.101 -> 0.084-0.119, long textbook 0-1 of 43 (same problem).","reviewed","nd-rl:charles/main:experiments/ws3/exp-00c-lr-ei-cpu/results.md"
"charles-textbook-problem-release","2026-09-30","New textbook ND problem sets candidate_v0 (104), candidate_v1 (80), unsolved (10) with Lean renderings","measurement","charles","","","token/free-form Lean","","","","data only; reference proofs via strict_verify; Lean 4.34.1 accepts all 184","lean_and_ndverify","194 transcribed textbook problems (184 with search-found proofs; 85/69 at >= 7 lines), audited disjoint from textbook72 and RL pools by renaming class; no model evaluated on them.","n/a","nd-rl:charles/main:data/textbook_problem/release_2026-09-30/README.md"
"main-lean-seq-tokenizer","2026-09-28","lean_seq tokenizer and Lean judge merged to shared_code on main (PR #19)","infrastructure;format","dan-agents","","","lean_seq","","","","","n/a","Code-only merge to main; no results.","n/a","nd-rl:main:shared_code (commits 6d73d77, c298be6)"
"main-where-things-are","2026-09-30","WHERE_THINGS_ARE.md: index of weights, datasets, best models, branches","other","robbie","Robbie run 198 (score 681 on autoresearch harness)","","lean_seq","scratch","","","autoresearch harness: 300 s pretrain + fixed EI RL","n/a","Index doc; lists Robbie best model run 198 score 681; Leon/Charles/Dmitry rows TODO.","n/a","nd-rl:main:docs/WHERE_THINGS_ARE.md"
