"family","model_label","params","format","init","train_set","cap","stage","seed","pool","n_pool","metric","k","temperature","value","checker","judge","date","provenance","source_file"
"leon-3.2M-hillclimb-ab","pretrained share_pretrain_4l_seed0","3.2M","token","scratch","","6","frozen","sampling0","textbook_dev58","58","solved","32","0.8","7","nd_verify","","2026-09-23","copied","nd-rl:leon/home-rolled-rl:experiment-summaries/2026-09-23-rl-hillclimb-ab/README.md"
"leon-3.2M-hillclimb-ab","pretrained share_pretrain_4l_seed0","3.2M","token","scratch","","6","frozen","sampling0","ab-dev-L7-9","1610","solved","32","0.8","7","nd_verify","","2026-09-23","copied","nd-rl:leon/home-rolled-rl:experiment-summaries/2026-09-23-rl-hillclimb-ab/README.md"
"leon-3.2M-hillclimb-ab","pretrained share_pretrain_4l_seed0","3.2M","token","scratch","","6","frozen","sampling1","textbook_dev58","58","solved","32","0.8","9","nd_verify","","2026-09-23","copied","nd-rl:leon/home-rolled-rl:experiment-summaries/2026-09-23-rl-hillclimb-ab/README.md"
"leon-3.2M-hillclimb-ab","pretrained share_pretrain_4l_seed0","3.2M","token","scratch","","6","frozen","sampling1","ab-dev-L7-9","1610","solved","32","0.8","5","nd_verify","","2026-09-23","copied","nd-rl:leon/home-rolled-rl:experiment-summaries/2026-09-23-rl-hillclimb-ab/README.md"
"leon-3.2M-hillclimb-ab","GEAR n025 BEST","3.2M","token","scratch","","6","rl:hillclimb-ab","sampling0","textbook_dev58","58","solved","32","0.8","7","nd_verify","","2026-09-23","copied","nd-rl:leon/home-rolled-rl:experiment-summaries/2026-09-23-rl-hillclimb-ab/README.md"
"leon-3.2M-hillclimb-ab","GEAR n025 BEST","3.2M","token","scratch","","6","rl:hillclimb-ab","sampling0","ab-dev-L7-9","1610","solved","32","0.8","401","nd_verify","","2026-09-23","copied","nd-rl:leon/home-rolled-rl:experiment-summaries/2026-09-23-rl-hillclimb-ab/README.md"
"leon-3.2M-hillclimb-ab","GEAR n025 BEST","3.2M","token","scratch","","6","rl:hillclimb-ab","sampling1","textbook_dev58","58","solved","32","0.8","7","nd_verify","","2026-09-23","copied","nd-rl:leon/home-rolled-rl:experiment-summaries/2026-09-23-rl-hillclimb-ab/README.md"
"leon-3.2M-hillclimb-ab","GEAR n025 BEST","3.2M","token","scratch","","6","rl:hillclimb-ab","sampling1","ab-dev-L7-9","1610","solved","32","0.8","406","nd_verify","","2026-09-23","copied","nd-rl:leon/home-rolled-rl:experiment-summaries/2026-09-23-rl-hillclimb-ab/README.md"
"leon-3.2M-hillclimb-ab","GEAR n017 LEAN","3.2M","token","scratch","","6","rl:hillclimb-ab","sampling0","textbook_dev58","58","solved","32","0.8","7","nd_verify","","2026-09-23","copied","nd-rl:leon/home-rolled-rl:experiment-summaries/2026-09-23-rl-hillclimb-ab/README.md"
"leon-3.2M-hillclimb-ab","GEAR n017 LEAN","3.2M","token","scratch","","6","rl:hillclimb-ab","sampling0","ab-dev-L7-9","1610","solved","32","0.8","393","nd_verify","","2026-09-23","copied","nd-rl:leon/home-rolled-rl:experiment-summaries/2026-09-23-rl-hillclimb-ab/README.md"
"leon-3.2M-hillclimb-ab","GEAR n017 LEAN","3.2M","token","scratch","","6","rl:hillclimb-ab","sampling1","textbook_dev58","58","solved","32","0.8","6","nd_verify","","2026-09-23","copied","nd-rl:leon/home-rolled-rl:experiment-summaries/2026-09-23-rl-hillclimb-ab/README.md"
"leon-3.2M-hillclimb-ab","GEAR n017 LEAN","3.2M","token","scratch","","6","rl:hillclimb-ab","sampling1","ab-dev-L7-9","1610","solved","32","0.8","378","nd_verify","","2026-09-23","copied","nd-rl:leon/home-rolled-rl:experiment-summaries/2026-09-23-rl-hillclimb-ab/README.md"
"leon-3.2M-hillclimb-ab","orch exp13","3.2M","token","scratch","","6","rl:hillclimb-ab","sampling0","textbook_dev58","58","solved","32","0.8","5","nd_verify","","2026-09-23","copied","nd-rl:leon/home-rolled-rl:experiment-summaries/2026-09-23-rl-hillclimb-ab/README.md"
"leon-3.2M-hillclimb-ab","orch exp13","3.2M","token","scratch","","6","rl:hillclimb-ab","sampling0","ab-dev-L7-9","1610","solved","32","0.8","324","nd_verify","","2026-09-23","copied","nd-rl:leon/home-rolled-rl:experiment-summaries/2026-09-23-rl-hillclimb-ab/README.md"
"leon-3.2M-hillclimb-ab","orch exp13","3.2M","token","scratch","","6","rl:hillclimb-ab","sampling1","textbook_dev58","58","solved","32","0.8","5","nd_verify","","2026-09-23","copied","nd-rl:leon/home-rolled-rl:experiment-summaries/2026-09-23-rl-hillclimb-ab/README.md"
"leon-3.2M-hillclimb-ab","orch exp13","3.2M","token","scratch","","6","rl:hillclimb-ab","sampling1","ab-dev-L7-9","1610","solved","32","0.8","328","nd_verify","","2026-09-23","copied","nd-rl:leon/home-rolled-rl:experiment-summaries/2026-09-23-rl-hillclimb-ab/README.md"
"leon-3.2M-hillclimb-ab","orch exp23","3.2M","token","scratch","","6","rl:hillclimb-ab","sampling0","textbook_dev58","58","solved","32","0.8","7","nd_verify","","2026-09-23","copied","nd-rl:leon/home-rolled-rl:experiment-summaries/2026-09-23-rl-hillclimb-ab/README.md"
"leon-3.2M-hillclimb-ab","orch exp23","3.2M","token","scratch","","6","rl:hillclimb-ab","sampling0","ab-dev-L7-9","1610","solved","32","0.8","339","nd_verify","","2026-09-23","copied","nd-rl:leon/home-rolled-rl:experiment-summaries/2026-09-23-rl-hillclimb-ab/README.md"
"leon-3.2M-hillclimb-ab","orch exp23","3.2M","token","scratch","","6","rl:hillclimb-ab","sampling1","textbook_dev58","58","solved","32","0.8","7","nd_verify","","2026-09-23","copied","nd-rl:leon/home-rolled-rl:experiment-summaries/2026-09-23-rl-hillclimb-ab/README.md"
"leon-3.2M-hillclimb-ab","orch exp23","3.2M","token","scratch","","6","rl:hillclimb-ab","sampling1","ab-dev-L7-9","1610","solved","32","0.8","338","nd_verify","","2026-09-23","copied","nd-rl:leon/home-rolled-rl:experiment-summaries/2026-09-23-rl-hillclimb-ab/README.md"
"leon-3.2M-hillclimb-run2","pretrained","3.2M","token","scratch","","6","frozen","0","textbook_dev58","58","solved","256","0.8","9","nd_verify","","2026-09-24","copied","nd-rl:leon/home-rolled-rl:experiment-summaries/2026-09-24-rl-hillclimb-run2/README.md"
"leon-3.2M-hillclimb-run2","pretrained","3.2M","token","scratch","","6","frozen","0","run2-sealed-L12-14","1931","solved","256","0.8","0","nd_verify","","2026-09-24","copied","nd-rl:leon/home-rolled-rl:experiment-summaries/2026-09-24-rl-hillclimb-run2/README.md"
"leon-3.2M-hillclimb-run2","pretrained","3.2M","token","scratch","","6","frozen","0","textbook_dev58","58","pass_at_1_pct","1","0.8","4.1","nd_verify","","2026-09-24","copied","nd-rl:leon/home-rolled-rl:experiment-summaries/2026-09-24-rl-hillclimb-run2/README.md"
"leon-3.2M-hillclimb-run2","run1 best n025","3.2M","token","scratch","","6","rl:hillclimb-ab","0","textbook_dev58","58","solved","256","0.8","9","nd_verify","","2026-09-24","copied","nd-rl:leon/home-rolled-rl:experiment-summaries/2026-09-24-rl-hillclimb-run2/README.md"
"leon-3.2M-hillclimb-run2","run1 best n025","3.2M","token","scratch","","6","rl:hillclimb-ab","0","run2-sealed-L12-14","1931","solved","256","0.8","0","nd_verify","","2026-09-24","copied","nd-rl:leon/home-rolled-rl:experiment-summaries/2026-09-24-rl-hillclimb-run2/README.md"
"leon-3.2M-hillclimb-run2","run1 best n025","3.2M","token","scratch","","6","rl:hillclimb-ab","0","textbook_dev58","58","pass_at_1_pct","1","0.8","3.6","nd_verify","","2026-09-24","copied","nd-rl:leon/home-rolled-rl:experiment-summaries/2026-09-24-rl-hillclimb-run2/README.md"
"leon-3.2M-hillclimb-run2","n078 BEST s0","3.2M","token","scratch","","6","rl:run2","0","textbook_dev58","58","solved","256","0.8","9","nd_verify","","2026-09-24","copied","nd-rl:leon/home-rolled-rl:experiment-summaries/2026-09-24-rl-hillclimb-run2/README.md"
"leon-3.2M-hillclimb-run2","n078 BEST s0","3.2M","token","scratch","","6","rl:run2","0","run2-sealed-L12-14","1931","solved","256","0.8","515","nd_verify","","2026-09-24","copied","nd-rl:leon/home-rolled-rl:experiment-summaries/2026-09-24-rl-hillclimb-run2/README.md"
"leon-3.2M-hillclimb-run2","n078 BEST s0","3.2M","token","scratch","","6","rl:run2","0","textbook_dev58","58","pass_at_1_pct","1","0.8","4.8","nd_verify","","2026-09-24","copied","nd-rl:leon/home-rolled-rl:experiment-summaries/2026-09-24-rl-hillclimb-run2/README.md"
"leon-3.2M-hillclimb-run2","n092 LEAN s0","3.2M","token","scratch","","6","rl:run2","0","textbook_dev58","58","solved","256","0.8","10","nd_verify","","2026-09-24","copied","nd-rl:leon/home-rolled-rl:experiment-summaries/2026-09-24-rl-hillclimb-run2/README.md"
"leon-3.2M-hillclimb-run2","n092 LEAN s0","3.2M","token","scratch","","6","rl:run2","0","run2-sealed-L12-14","1931","solved","256","0.8","519","nd_verify","","2026-09-24","copied","nd-rl:leon/home-rolled-rl:experiment-summaries/2026-09-24-rl-hillclimb-run2/README.md"
"leon-3.2M-hillclimb-run2","n092 LEAN s0","3.2M","token","scratch","","6","rl:run2","0","textbook_dev58","58","pass_at_1_pct","1","0.8","4.9","nd_verify","","2026-09-24","copied","nd-rl:leon/home-rolled-rl:experiment-summaries/2026-09-24-rl-hillclimb-run2/README.md"
"leon-3.2M-hillclimb-run2","champion2 n060 2h","3.2M","token","scratch","","6","rl:run2","0","textbook_dev58","58","solved","256","0.8","10","nd_verify","","2026-09-24","copied","nd-rl:leon/home-rolled-rl:experiment-summaries/2026-09-24-rl-hillclimb-run2/README.md"
"leon-3.2M-hillclimb-run2","champion2 n060 2h","3.2M","token","scratch","","6","rl:run2","0","run2-sealed-L12-14","1931","solved","256","0.8","707","nd_verify","","2026-09-24","copied","nd-rl:leon/home-rolled-rl:experiment-summaries/2026-09-24-rl-hillclimb-run2/README.md"
"leon-3.2M-hillclimb-run2","champion2 n060 2h","3.2M","token","scratch","","6","rl:run2","0","textbook_dev58","58","pass_at_1_pct","1","0.8","5.2","nd_verify","","2026-09-24","copied","nd-rl:leon/home-rolled-rl:experiment-summaries/2026-09-24-rl-hillclimb-run2/README.md"
"leon-ndbench","base ab2 pretrain.pt","3.2M","token","scratch","","6","frozen","0","textbook_dev58","58","pass_at_k_pct","1","0.8","4.1","other:nd_v2","","2026-10-01","copied","nd-rl:leon/benchmarking:experiment-summaries/2026-09-30-benchmarking/README.md"
"leon-ndbench","base ab2 pretrain.pt","3.2M","token","scratch","","6","frozen","0","textbook_dev58","58","pass_at_k_pct","4096","0.8","17.2","other:nd_v2","","2026-10-01","copied","nd-rl:leon/benchmarking:experiment-summaries/2026-09-30-benchmarking/README.md"
"leon-ndbench","rl champion2 n060","3.2M","token","scratch","","6","rl:run2","0","textbook_dev58","58","pass_at_k_pct","1","0.8","5.5","other:nd_v2","","2026-10-01","copied","nd-rl:leon/benchmarking:experiment-summaries/2026-09-30-benchmarking/README.md"
"leon-ndbench","rl champion2 n060","3.2M","token","scratch","","6","rl:run2","0","textbook_dev58","58","pass_at_k_pct","4096","0.8","22.4","other:nd_v2","","2026-10-01","copied","nd-rl:leon/benchmarking:experiment-summaries/2026-09-30-benchmarking/README.md"
"leon-ndbench","armC C_s101","3.2M","token","scratch","","6","rl:lengthexp-C","0","textbook_dev58","58","pass_at_k_pct","1","0.8","9.3","other:nd_v2","","2026-10-01","copied","nd-rl:leon/benchmarking:experiment-summaries/2026-09-30-benchmarking/README.md"
"leon-ndbench","armC C_s101","3.2M","token","scratch","","6","rl:lengthexp-C","0","textbook_dev58","58","pass_at_k_pct","4096","0.8","13.8","other:nd_v2","","2026-10-01","copied","nd-rl:leon/benchmarking:experiment-summaries/2026-09-30-benchmarking/README.md"
"leon-3.2M-lengthexp","pretrain","3.2M","token","scratch","","6","frozen","0","lengthexp-L11","<=300","pass_at_1_pct","1","0.8","0.0","nd_verify","","2026-09-25","copied","nd-rl:leon/home-rolled-rl:experiment-summaries/2026-09-25-length-generalisation/README.md"
"leon-3.2M-lengthexp","pretrain","3.2M","token","scratch","","6","frozen","0","lengthexp-L12","<=300","pass_at_1_pct","1","0.8","0.0","nd_verify","","2026-09-25","copied","nd-rl:leon/home-rolled-rl:experiment-summaries/2026-09-25-length-generalisation/README.md"
"leon-3.2M-lengthexp","A (RL L6-7)","3.2M","token","scratch","","6","rl:lengthexp-A","mean_of_3","lengthexp-L11","<=300","pass_at_1_pct","1","0.8","0.0","nd_verify","","2026-09-25","copied","nd-rl:leon/home-rolled-rl:experiment-summaries/2026-09-25-length-generalisation/README.md"
"leon-3.2M-lengthexp","A (RL L6-7)","3.2M","token","scratch","","6","rl:lengthexp-A","mean_of_3","lengthexp-L12","<=300","pass_at_1_pct","1","0.8","0.0","nd_verify","","2026-09-25","copied","nd-rl:leon/home-rolled-rl:experiment-summaries/2026-09-25-length-generalisation/README.md"
"leon-3.2M-lengthexp","B (RL L6-9)","3.2M","token","scratch","","6","rl:lengthexp-B","mean_of_3","lengthexp-L11","<=300","pass_at_1_pct","1","0.8","0.0","nd_verify","","2026-09-25","copied","nd-rl:leon/home-rolled-rl:experiment-summaries/2026-09-25-length-generalisation/README.md"
"leon-3.2M-lengthexp","B (RL L6-9)","3.2M","token","scratch","","6","rl:lengthexp-B","mean_of_3","lengthexp-L12","<=300","pass_at_1_pct","1","0.8","0.0","nd_verify","","2026-09-25","copied","nd-rl:leon/home-rolled-rl:experiment-summaries/2026-09-25-length-generalisation/README.md"
"leon-3.2M-lengthexp","C (RL L6-11)","3.2M","token","scratch","","6","rl:lengthexp-C","mean_of_3","lengthexp-L11","<=300","pass_at_1_pct","1","0.8","12.7","nd_verify","","2026-09-25","copied","nd-rl:leon/home-rolled-rl:experiment-summaries/2026-09-25-length-generalisation/README.md"
"leon-3.2M-lengthexp","C (RL L6-11)","3.2M","token","scratch","","6","rl:lengthexp-C","mean_of_3","lengthexp-L12","<=300","pass_at_1_pct","1","0.8","3.4","nd_verify","","2026-09-25","copied","nd-rl:leon/home-rolled-rl:experiment-summaries/2026-09-25-length-generalisation/README.md"
"leon-3.2M-lengthexp","D (C + constructed)","3.2M","token","scratch","","6","rl:lengthexp-D","mean_of_3","lengthexp-L11","<=300","pass_at_1_pct","1","0.8","12.0","nd_verify","","2026-09-25","copied","nd-rl:leon/home-rolled-rl:experiment-summaries/2026-09-25-length-generalisation/README.md"
"leon-3.2M-lengthexp","D (C + constructed)","3.2M","token","scratch","","6","rl:lengthexp-D","mean_of_3","lengthexp-L12","<=300","pass_at_1_pct","1","0.8","3.3","nd_verify","","2026-09-25","copied","nd-rl:leon/home-rolled-rl:experiment-summaries/2026-09-25-length-generalisation/README.md"
"charles-ws3-3.2M","share_pretrain_4l_seed0","3.2M","token","scratch","","6","frozen","0","textbook72","72","solved","64","1.0","10","other:strict_verify","","2026-09-23","copied","nd-rl:charles/main:experiments/ws3/exp-00-local-check/results.md"
"charles-ws3-3.2M","share_pretrain_4l_seed0","3.2M","token","scratch","","6","frozen","0","textbook_dev58","58","solved","64","1.0","8","other:strict_verify","","2026-09-23","copied","nd-rl:charles/main:experiments/ws3/exp-00-local-check/results.md"
"charles-ws3-3.2M","after 50 GRPO steps","3.2M","token","scratch","","6","rl:grpo50","0","textbook72","72","solved","64","1.0","10","other:strict_verify","","2026-09-23","copied","nd-rl:charles/main:experiments/ws3/exp-00-local-check/results.md"
"charles-ws3-3.2M","after 50 GRPO steps","3.2M","token","scratch","","6","rl:grpo50","0","textbook_dev58","58","solved","64","1.0","8","other:strict_verify","","2026-09-23","copied","nd-rl:charles/main:experiments/ws3/exp-00-local-check/results.md"
"charles-ws3-039muon","039_muon s1","","token","scratch","","6","frozen","0","textbook72","72","avg_solve_rate","32","1.0","0.101","other:strict_verify","","2026-09-27","copied","nd-rl:charles/main:experiments/ws3/exp-00c-lr-ei-cpu/results.md"
"charles-ws3-039muon","039_muon s1","","token","scratch","","6","frozen","0","ws3-eval-L7","160","avg_solve_rate","32","1.0","0.122","other:strict_verify","","2026-09-27","copied","nd-rl:charles/main:experiments/ws3/exp-00c-lr-ei-cpu/results.md"
"charles-ws3-039muon","lr3e-5 GRPO","","token","scratch","","6","rl:grpo","0","textbook72","72","avg_solve_rate","32","1.0","0.113","other:strict_verify","","2026-09-27","copied","nd-rl:charles/main:experiments/ws3/exp-00c-lr-ei-cpu/results.md"
"charles-ws3-039muon","lr3e-5 GRPO","","token","scratch","","6","rl:grpo","0","ws3-eval-L7","160","avg_solve_rate","32","1.0","0.43","other:strict_verify","","2026-09-27","copied","nd-rl:charles/main:experiments/ws3/exp-00c-lr-ei-cpu/results.md"
"charles-ws3-039muon","lr1e-4 GRPO","","token","scratch","","6","rl:grpo","0","textbook72","72","avg_solve_rate","32","1.0","0.119","other:strict_verify","","2026-09-27","copied","nd-rl:charles/main:experiments/ws3/exp-00c-lr-ei-cpu/results.md"
"charles-ws3-039muon","lr1e-4 GRPO","","token","scratch","","6","rl:grpo","0","ws3-eval-L7","160","avg_solve_rate","32","1.0","0.391","other:strict_verify","","2026-09-27","copied","nd-rl:charles/main:experiments/ws3/exp-00c-lr-ei-cpu/results.md"
"charles-ws3-039muon","lr3e-4 GRPO","","token","scratch","","6","rl:grpo","0","textbook72","72","avg_solve_rate","32","1.0","0.084","other:strict_verify","","2026-09-27","copied","nd-rl:charles/main:experiments/ws3/exp-00c-lr-ei-cpu/results.md"
"charles-ws3-039muon","lr3e-4 GRPO","","token","scratch","","6","rl:grpo","0","ws3-eval-L7","160","avg_solve_rate","32","1.0","0.333","other:strict_verify","","2026-09-27","copied","nd-rl:charles/main:experiments/ws3/exp-00c-lr-ei-cpu/results.md"
"charles-ws3-039muon","EI","","token","scratch","","6","rl:ei","0","textbook72","72","avg_solve_rate","32","1.0","0.108","other:strict_verify","","2026-09-27","copied","nd-rl:charles/main:experiments/ws3/exp-00c-lr-ei-cpu/results.md"
"charles-ws3-039muon","EI","","token","scratch","","6","rl:ei","0","ws3-eval-L7","160","avg_solve_rate","32","1.0","0.545","other:strict_verify","","2026-09-27","copied","nd-rl:charles/main:experiments/ws3/exp-00c-lr-ei-cpu/results.md"
