config_file	gpu_seconds	cpu_seconds	gen_tokens	attempts	actions	train_steps	train_tokens	lean_checks	lean_s	gpu
artifacts/state-readouts/H_SH_T08_s0.args.json	14587.0	0.0	584400706	3454656	23037247	0	0	469	12.2	NVIDIA A40
artifacts/state-readouts/H_SH_T08_s1.args.json	15770.7	0.0	627247443	3433472	25280619	0	0	536	9.7	NVIDIA A40
artifacts/state-readouts/H_SH_T10_s0.args.json	11055.8	0.0	450815541	2755648	18329427	0	0	26	5.8	NVIDIA A40
artifacts/state-readouts/H_S_T08_s0.args.json	7017.9	0.0	311402561	1507200	12703069	0	0	1516	22.2	NVIDIA A40
artifacts/state-readouts/H_S_T08_s1.args.json	11526.1	0.0	422200519	2360448	18850398	0	0	2030	27.8	NVIDIA A40
artifacts/state-readouts/H_S_T10_s0.args.json	5051.4	0.0	214206944	1061440	8463714	0	0	14	2.8	NVIDIA A40
artifacts/state-readouts/H_S_T10_s1.args.json	4608.2	0.0	307874242	1740672	13631021	0	0	23	4.2	NVIDIA A40
artifacts/state-readouts/Hdiag_S_T08_ma1024_s1.args.json	2406.6	0.0	150370809	800000	6094395	0	0	0	0.0	NVIDIA A40
artifacts/state-readouts/rr/Fz_s0__tb.jsonl.args.json	888.0	0.0	32372761	194560	1944661	0	0	6144	139.3	NVIDIA RTX A6000
artifacts/state-readouts/rr/Fz_s0__tbl.jsonl.args.json	369.6	0.0	13667845	72192	738950	0	0	219	2.8	NVIDIA RTX A6000
artifacts/state-readouts/rr/Fz_s1__tb.jsonl.args.json	850.2	0.0	31076571	194560	1815038	0	0	7248	215.5	NVIDIA RTX A6000
artifacts/state-readouts/rr/Fz_s1__tbl.jsonl.args.json	371.3	0.0	13836193	72192	747050	0	0	719	9.9	NVIDIA RTX A6000
artifacts/state-readouts/rr/Fz_s2__tb.jsonl.args.json	921.0	0.0	32425476	194560	1939855	0	0	9490	401.7	NVIDIA RTX A6000
artifacts/state-readouts/rr/Fz_s2__tbl.jsonl.args.json	374.6	0.0	13522036	72192	745948	0	0	475	5.9	NVIDIA RTX A6000
artifacts/state-readouts/rr/Fz_s3__tb.jsonl.args.json	816.7	0.0	31734254	194560	1898415	0	0	8978	413.2	NVIDIA RTX A6000
artifacts/state-readouts/rr/Fz_s3__tbl.jsonl.args.json	353.6	0.0	13879408	72192	759894	0	0	556	6.8	NVIDIA RTX A6000
artifacts/state-readouts/rr/T1_s0__tb.jsonl.args.json	1325.2	0.0	45238185	194560	2799945	0	0	42015	3548.7	NVIDIA RTX A6000
artifacts/state-readouts/rr/T1_s0__tbl.jsonl.args.json	556.0	0.0	20889190	72192	1196948	0	0	6656	312.8	NVIDIA RTX A6000
artifacts/state-readouts/rr/T1_s1__tb.jsonl.args.json	1305.5	0.0	43462645	194560	2724845	0	0	55615	5002.0	NVIDIA RTX A6000
artifacts/state-readouts/rr/T1_s1__tbl.jsonl.args.json	625.7	0.0	21798922	72192	1300739	0	0	13381	1333.7	NVIDIA RTX A6000
artifacts/state-readouts/rr/T1_s2__tb.jsonl.args.json	1357.8	0.0	45336563	389120	2827871	0	0	54946	4867.8	NVIDIA RTX A6000
artifacts/state-readouts/rr/T1_s2__tbl.jsonl.args.json	598.0	0.0	21402687	72192	1271803	0	0	9290	704.8	NVIDIA RTX A6000
artifacts/state-readouts/rr/T1_s3__tb.jsonl.args.json	1276.5	0.0	44672304	194560	2835691	0	0	52518	4078.9	NVIDIA RTX A6000
artifacts/state-readouts/rr/T1_s3__tbl.jsonl.args.json	607.0	0.0	21402232	72192	1265750	0	0	9245	527.5	NVIDIA RTX A6000
