arm,seed,read,max_new,gpu_type,gpu_seconds,attempts,gen_tokens,lean_checks,train_steps,train_tokens
c0fz,0,dev,512,NVIDIA GeForce RTX 3090,125,70912,11080880,321,0,0
c0fz,0,dev,1024,NVIDIA GeForce RTX 3090,91,70912,11128144,321,0,0
c0fz,0,h250,512,NVIDIA GeForce RTX 3090,91,64000,9817344,119,0,0
c0fz,0,tb72,512,NVIDIA GeForce RTX 3090,21,18432,1730032,515,0,0
c0fz,0,tb72,1024,NVIDIA GeForce RTX 3090,21,18432,1749616,515,0,0
c0fz,1,dev,512,NVIDIA GeForce RTX 3090,103,70912,11051056,373,0,0
c0fz,1,dev,1024,NVIDIA GeForce RTX 3090,101,70912,11099328,373,0,0
c0fz,1,h250,512,NVIDIA GeForce RTX 3090,122,64000,9874160,67,0,0
c0fz,1,tb72,512,NVIDIA GeForce RTX 3090,29,18432,1653024,451,0,0
c0t1,0,dev,512,NVIDIA GeForce RTX 3090,117,70912,12367584,12144,0,0
c0t1,0,h250,512,NVIDIA GeForce RTX 3090,114,64000,11005568,6285,0,0
c0t1,0,tb72,512,NVIDIA GeForce RTX 3090,34,18432,1778480,672,0,0
c0t1,0,tb72,1024,NVIDIA GeForce RTX 3090,24,18432,1806128,672,0,0
c0t1,1,dev,512,NVIDIA GeForce RTX 3090,128,70912,12358608,14044,0,0
c0t1,1,dev,1024,NVIDIA GeForce RTX 3090,95,70912,12399168,14044,0,0
c0t1,1,h250,512,NVIDIA GeForce RTX 3090,132,64000,11024288,6057,0,0
c0t1,1,tb72,512,NVIDIA GeForce RTX 3090,23,18432,1769776,581,0,0
k12fz,0,dev,512,NVIDIA GeForce RTX 3090,136,70912,13771344,4780,0,0
k12fz,0,dev,1024,NVIDIA GeForce RTX 3090,151,70912,13813920,4780,0,0
k12fz,0,h250,512,NVIDIA GeForce RTX 3090,120,64000,12317152,3116,0,0
k12fz,0,h250,1024,NVIDIA GeForce RTX 3090,136,64000,12345616,3116,0,0
k12fz,0,tb72,512,NVIDIA GeForce RTX 3090,26,18432,2450928,1231,0,0
k12fz,0,tb72,1024,NVIDIA GeForce RTX 3090,41,18432,2465264,1231,0,0
k12fz,1,dev,512,NVIDIA GeForce RTX 3090,131,70912,13626816,4090,0,0
k12fz,1,dev,1024,NVIDIA GeForce RTX 3090,135,70912,13651712,4090,0,0
k12fz,1,h250,512,NVIDIA GeForce RTX 3090,107,64000,12176752,2639,0,0
k12fz,1,h250,1024,NVIDIA GeForce RTX 3090,110,64000,12201552,2639,0,0
k12fz,1,tb72,512,NVIDIA GeForce RTX 3090,31,18432,2464544,1096,0,0
k12fz,1,tb72,1024,NVIDIA GeForce RTX 3090,46,18432,2475968,1096,0,0
k12t1,0,dev,512,NVIDIA GeForce RTX 3090,152,70912,15260480,27086,0,0
k12t1,0,h250,512,NVIDIA GeForce RTX 3090,121,64000,13807472,18169,0,0
k12t1,0,tb72,512,NVIDIA GeForce RTX 3090,27,18432,2611312,1563,0,0
k12t1,1,dev,512,NVIDIA GeForce RTX 3090,142,70912,14807328,26619,0,0
k12t1,1,h250,512,NVIDIA GeForce RTX 3090,99,64000,13329808,16725,0,0
k12t1,1,tb72,512,NVIDIA GeForce RTX 3090,33,18432,2518736,1453,0,0
