protocol,applies_to,dates,checker,judge_version,pools,k,temperature,decode_limits,batch,seeds,notes
June sprints,"june-bootstrapping, novelty-sprint, fol-sprint",2026-06-09..11,old ND verifier,nd_sprint verify.py (accepts forward subproof refs; found unsound in the r1-cot review),"textbook36, synthetic transfer pools",16-64,1.0 (stated in some),max_new 400,n/a,1-2,"numbers not comparable with anything after 09-15"
Sept imports,"r1-cot, flop-adaptation, olmo-32b-pilot, proof-cap-comparison, proof-fragment-selection",2026-09-08..10,strict replay ND verifier,strict_verify,"textbook58-dev, validation-36, synthetic",16,not stated (cap-comparison),various,n/a,1,"Dmitry's cap-comparison: caps 6/10/12, dev58, 1 seed"
Token era (fork),"novelty campaign, round 2 runs 2-5, round 3, ladder-A, run4-grpo-review",2026-09-15..19,nd_verify,nd_verify (fork copy, unfixed forward-box-citation bug),"pattern pools, transfer2285, targets4495, 606/623-schema pools",16-512,1.0 (EI) / 0.8,max_new 400,512,1-6 (often 2),"run4-grpo-review: 13,317/13,317 accepts Lean-confirmed; other runs never scanned for forward citations"
Lean ∧ nd_verify (fork),"round2-run1, lean-format, lean-seed2, efficiency, cap-horizon, ds-*, noise-floor",2026-09-18..26,Lean 4.34 ∧ nd_verify,lean_gate + nd_verify,"transfer2285, held-out, ds pools",256 (frozen) / in-loop 8x32 (T1),0.8 / 1.0,max_new 288-400,512 then 4096,2,"lean-judge: Lean-only excess 0.021 %; state-env: C0 counts +2/+1 (T1), +7/+2 (frozen) under Lean alone"
Lean alone (fork),"lean-judge onward: support-*, state-*, long-pool*, textbook72, best-state, trajectory*, rl-from-ckpt, compute-match, search-expert, frontier-supply, this run",2026-09-27..10-02,Lean alone,lean_judge (strict lean_seq grammar + Lean 4.34; lean_check for free-form),"textbook72, dev1108, holdout250, rr600, ge17_70, long2, sc383, transfer2285",64 (dev) / 256 / up to 10^7 (support),0.8 (reads) / 1.0 (some support),"state: max_steps 48 (long-pool, state-cap12) or 96 (best-state, compute-match, long-pool-2), max_action 512; whole proof: max_new 512-1,536",2048 / 4096,2-4 (3.2M) / 3 (9.56M),"same checkpoint re-read at batch 2048 vs 4096 flips 6-11 of 70 textbook72 problems (sampling re-draw)"
Robbie autoresearch,"autoresearch pre-Lean / token / Lean eras",2026-09-21..26,nd_verify (token) / Lean gate + nd_verify (lean),fork's nd_verify; fork's lean_gate,"dev1108 (sha1-even half of transfer.jsonl), holdout1177, textbook72",64 (dev) / 256 (textbook),0.8,max_new 512,n/a,3 per kept config,"dev metric = theorems with ≥ 1 accepted proof in 64 samples; ≥ 7-line filter vacuous"
Robbie factorial / combined,"factorial_20260929, combined pipeline c001-c005, test-time scaling, scale",2026-09-28..30,Lean gate + nd_verify (lean cells) / nd_verify (abs cells),fork's lean_gate / nd_verify,"dev1108, holdout250, textbook72",64 / 256,0.8,max_new 512,n/a,3,"2,400 s single-GPU budget per pipeline; only after-RL reads in git (passk.csv)"
Robbie state recipes / TTRL,"state recipes 0930, TTRL dev64 / at scale",2026-09-30..10-01,Lean alone (state); TTRL rows as harness,newer fork lean_judge,"dev1108",64,0.8 (reads) / 1.0 (TTRL training),n/a,n/a,3,"TTRL trains on the dev statements themselves: not comparable with held-out reads"
Leon,"home-rolled-rl runs 1-3, ndbench",2026-09-2x,nd_verify (runs) / nd_v2 (fixed, ndbench) / strict_verify,"Leon's nd_v2 fixes forward box citation","textbook dev58, sealed length 12-14 pool (1,931), dev 1,610",32-4096,0.8,n/a,n/a,1-3,"0 forward citations in 876,479 of his accepted proofs"
Charles,"exp-00, exp-00c",2026-09-2x,strict_verify,strict_verify,"textbook72 (all 72), new textbook194",32-64,1.0,n/a,n/a,1,"'new capability' = frozen 0/32 and trained ≥ 0.5 (a k = 32 threshold, not a support test)"
