family,model_label,params,format,init,train_set,cap,stage,seed,pool,n_pool,metric,k,temperature,value,checker,judge,date,provenance,source_file,apples_group
ours-3.2M-C0-wp-cap6,lean-format/ckpts/lf/stage1_a1_seq_s0.pt (3.2M lean_seq whole proof),3.2M,lean_seq,scratch,cap-6 control (depth3 f0 a1) 155k,6,frozen,0,dev1108,1108,solved,64,0.8,54,lean_only,"fork lean_judge (Lean 4.34 alone); eval_set whole-proof sampling, max_new 512, batch 2048; sample seed 0",2026-10-02,recomputed,fork:dan_evidence-atlas:artifacts/atlas/eval/c0fz_s0__dev.jsonl,dev1108|k64|T0.8|lean_only
ours-3.2M-C0-wp-cap6,lean-format/ckpts/lf/stage1_a1_seq_s0.pt (3.2M lean_seq whole proof),3.2M,lean_seq,scratch,cap-6 control (depth3 f0 a1) 155k,6,frozen,0,dev1108,1108,pass_at_k_expected_solved,1,0.8,6.047,lean_only,"fork lean_judge (Lean 4.34 alone); eval_set whole-proof sampling, max_new 512, batch 2048; sample seed 0",2026-10-02,recomputed,fork:dan_evidence-atlas:artifacts/atlas/eval/c0fz_s0__dev.jsonl,dev1108|k64|T0.8|lean_only
ours-3.2M-C0-wp-cap6,lean-format/ckpts/lf/stage1_a1_seq_s0.pt (3.2M lean_seq whole proof),3.2M,lean_seq,scratch,cap-6 control (depth3 f0 a1) 155k,6,frozen,0,dev1108,1108,pass_at_k_expected_solved,4,0.8,13.658,lean_only,"fork lean_judge (Lean 4.34 alone); eval_set whole-proof sampling, max_new 512, batch 2048; sample seed 0",2026-10-02,recomputed,fork:dan_evidence-atlas:artifacts/atlas/eval/c0fz_s0__dev.jsonl,dev1108|k64|T0.8|lean_only
ours-3.2M-C0-wp-cap6,lean-format/ckpts/lf/stage1_a1_seq_s0.pt (3.2M lean_seq whole proof),3.2M,lean_seq,scratch,cap-6 control (depth3 f0 a1) 155k,6,frozen,0,dev1108,1108,pass_at_k_expected_solved,16,0.8,29.839,lean_only,"fork lean_judge (Lean 4.34 alone); eval_set whole-proof sampling, max_new 512, batch 2048; sample seed 0",2026-10-02,recomputed,fork:dan_evidence-atlas:artifacts/atlas/eval/c0fz_s0__dev.jsonl,dev1108|k64|T0.8|lean_only
ours-3.2M-C0-wp-cap6,lean-format/ckpts/lf/stage1_a1_seq_s0.pt (3.2M lean_seq whole proof),3.2M,lean_seq,scratch,cap-6 control (depth3 f0 a1) 155k,6,frozen,0,dev1108,1108,pass_at_k_expected_solved,64,0.8,54.0,lean_only,"fork lean_judge (Lean 4.34 alone); eval_set whole-proof sampling, max_new 512, batch 2048; sample seed 0",2026-10-02,recomputed,fork:dan_evidence-atlas:artifacts/atlas/eval/c0fz_s0__dev.jsonl,dev1108|k64|T0.8|lean_only
ours-3.2M-C0-wp-cap6,lean-format/ckpts/lf/stage1_a1_seq_s0.pt (3.2M lean_seq whole proof),3.2M,lean_seq,scratch,cap-6 control (depth3 f0 a1) 155k,6,frozen,0,holdout250,250,solved,256,0.8,15,lean_only,"fork lean_judge (Lean 4.34 alone); eval_set whole-proof sampling, max_new 512, batch 2048; sample seed 0",2026-10-02,recomputed,fork:dan_evidence-atlas:artifacts/atlas/eval/c0fz_s0__h250.jsonl,holdout250|k256|T0.8|lean_only
ours-3.2M-C0-wp-cap6,lean-format/ckpts/lf/stage1_a1_seq_s0.pt (3.2M lean_seq whole proof),3.2M,lean_seq,scratch,cap-6 control (depth3 f0 a1) 155k,6,frozen,0,holdout250,250,pass_at_k_expected_solved,1,0.8,0.531,lean_only,"fork lean_judge (Lean 4.34 alone); eval_set whole-proof sampling, max_new 512, batch 2048; sample seed 0",2026-10-02,recomputed,fork:dan_evidence-atlas:artifacts/atlas/eval/c0fz_s0__h250.jsonl,holdout250|k256|T0.8|lean_only
ours-3.2M-C0-wp-cap6,lean-format/ckpts/lf/stage1_a1_seq_s0.pt (3.2M lean_seq whole proof),3.2M,lean_seq,scratch,cap-6 control (depth3 f0 a1) 155k,6,frozen,0,holdout250,250,pass_at_k_expected_solved,4,0.8,1.907,lean_only,"fork lean_judge (Lean 4.34 alone); eval_set whole-proof sampling, max_new 512, batch 2048; sample seed 0",2026-10-02,recomputed,fork:dan_evidence-atlas:artifacts/atlas/eval/c0fz_s0__h250.jsonl,holdout250|k256|T0.8|lean_only
ours-3.2M-C0-wp-cap6,lean-format/ckpts/lf/stage1_a1_seq_s0.pt (3.2M lean_seq whole proof),3.2M,lean_seq,scratch,cap-6 control (depth3 f0 a1) 155k,6,frozen,0,holdout250,250,pass_at_k_expected_solved,16,0.8,5.472,lean_only,"fork lean_judge (Lean 4.34 alone); eval_set whole-proof sampling, max_new 512, batch 2048; sample seed 0",2026-10-02,recomputed,fork:dan_evidence-atlas:artifacts/atlas/eval/c0fz_s0__h250.jsonl,holdout250|k256|T0.8|lean_only
ours-3.2M-C0-wp-cap6,lean-format/ckpts/lf/stage1_a1_seq_s0.pt (3.2M lean_seq whole proof),3.2M,lean_seq,scratch,cap-6 control (depth3 f0 a1) 155k,6,frozen,0,holdout250,250,pass_at_k_expected_solved,64,0.8,10.579,lean_only,"fork lean_judge (Lean 4.34 alone); eval_set whole-proof sampling, max_new 512, batch 2048; sample seed 0",2026-10-02,recomputed,fork:dan_evidence-atlas:artifacts/atlas/eval/c0fz_s0__h250.jsonl,holdout250|k256|T0.8|lean_only
ours-3.2M-C0-wp-cap6,lean-format/ckpts/lf/stage1_a1_seq_s0.pt (3.2M lean_seq whole proof),3.2M,lean_seq,scratch,cap-6 control (depth3 f0 a1) 155k,6,frozen,0,holdout250,250,pass_at_k_expected_solved,256,0.8,15.0,lean_only,"fork lean_judge (Lean 4.34 alone); eval_set whole-proof sampling, max_new 512, batch 2048; sample seed 0",2026-10-02,recomputed,fork:dan_evidence-atlas:artifacts/atlas/eval/c0fz_s0__h250.jsonl,holdout250|k256|T0.8|lean_only
ours-3.2M-C0-wp-cap6,lean-format/ckpts/lf/stage1_a1_seq_s0.pt (3.2M lean_seq whole proof),3.2M,lean_seq,scratch,cap-6 control (depth3 f0 a1) 155k,6,frozen,0,textbook72,72,solved,256,0.8,12,lean_only,"fork lean_judge (Lean 4.34 alone); eval_set whole-proof sampling, max_new 512, batch 2048; sample seed 0",2026-10-02,recomputed,fork:dan_evidence-atlas:artifacts/atlas/eval/c0fz_s0__tb72.jsonl,textbook72|k256|T0.8|lean_only
ours-3.2M-C0-wp-cap6,lean-format/ckpts/lf/stage1_a1_seq_s0.pt (3.2M lean_seq whole proof),3.2M,lean_seq,scratch,cap-6 control (depth3 f0 a1) 155k,6,frozen,0,textbook72,72,pass_at_k_expected_solved,1,0.8,4.074,lean_only,"fork lean_judge (Lean 4.34 alone); eval_set whole-proof sampling, max_new 512, batch 2048; sample seed 0",2026-10-02,recomputed,fork:dan_evidence-atlas:artifacts/atlas/eval/c0fz_s0__tb72.jsonl,textbook72|k256|T0.8|lean_only
ours-3.2M-C0-wp-cap6,lean-format/ckpts/lf/stage1_a1_seq_s0.pt (3.2M lean_seq whole proof),3.2M,lean_seq,scratch,cap-6 control (depth3 f0 a1) 155k,6,frozen,0,textbook72,72,pass_at_k_expected_solved,4,0.8,6.824,lean_only,"fork lean_judge (Lean 4.34 alone); eval_set whole-proof sampling, max_new 512, batch 2048; sample seed 0",2026-10-02,recomputed,fork:dan_evidence-atlas:artifacts/atlas/eval/c0fz_s0__tb72.jsonl,textbook72|k256|T0.8|lean_only
ours-3.2M-C0-wp-cap6,lean-format/ckpts/lf/stage1_a1_seq_s0.pt (3.2M lean_seq whole proof),3.2M,lean_seq,scratch,cap-6 control (depth3 f0 a1) 155k,6,frozen,0,textbook72,72,pass_at_k_expected_solved,16,0.8,9.102,lean_only,"fork lean_judge (Lean 4.34 alone); eval_set whole-proof sampling, max_new 512, batch 2048; sample seed 0",2026-10-02,recomputed,fork:dan_evidence-atlas:artifacts/atlas/eval/c0fz_s0__tb72.jsonl,textbook72|k256|T0.8|lean_only
ours-3.2M-C0-wp-cap6,lean-format/ckpts/lf/stage1_a1_seq_s0.pt (3.2M lean_seq whole proof),3.2M,lean_seq,scratch,cap-6 control (depth3 f0 a1) 155k,6,frozen,0,textbook72,72,pass_at_k_expected_solved,64,0.8,11.002,lean_only,"fork lean_judge (Lean 4.34 alone); eval_set whole-proof sampling, max_new 512, batch 2048; sample seed 0",2026-10-02,recomputed,fork:dan_evidence-atlas:artifacts/atlas/eval/c0fz_s0__tb72.jsonl,textbook72|k256|T0.8|lean_only
ours-3.2M-C0-wp-cap6,lean-format/ckpts/lf/stage1_a1_seq_s0.pt (3.2M lean_seq whole proof),3.2M,lean_seq,scratch,cap-6 control (depth3 f0 a1) 155k,6,frozen,0,textbook72,72,pass_at_k_expected_solved,256,0.8,12.0,lean_only,"fork lean_judge (Lean 4.34 alone); eval_set whole-proof sampling, max_new 512, batch 2048; sample seed 0",2026-10-02,recomputed,fork:dan_evidence-atlas:artifacts/atlas/eval/c0fz_s0__tb72.jsonl,textbook72|k256|T0.8|lean_only
ours-3.2M-C0-wp-cap6,lean-format/ckpts/lf/stage1_a1_seq_s1.pt (3.2M lean_seq whole proof),3.2M,lean_seq,scratch,cap-6 control (depth3 f0 a1) 155k,6,frozen,1,dev1108,1108,solved,64,0.8,36,lean_only,"fork lean_judge (Lean 4.34 alone); eval_set whole-proof sampling, max_new 512, batch 2048; sample seed 0",2026-10-02,recomputed,fork:dan_evidence-atlas:artifacts/atlas/eval/c0fz_s1__dev.jsonl,dev1108|k64|T0.8|lean_only
ours-3.2M-C0-wp-cap6,lean-format/ckpts/lf/stage1_a1_seq_s1.pt (3.2M lean_seq whole proof),3.2M,lean_seq,scratch,cap-6 control (depth3 f0 a1) 155k,6,frozen,1,dev1108,1108,pass_at_k_expected_solved,1,0.8,7.766,lean_only,"fork lean_judge (Lean 4.34 alone); eval_set whole-proof sampling, max_new 512, batch 2048; sample seed 0",2026-10-02,recomputed,fork:dan_evidence-atlas:artifacts/atlas/eval/c0fz_s1__dev.jsonl,dev1108|k64|T0.8|lean_only
ours-3.2M-C0-wp-cap6,lean-format/ckpts/lf/stage1_a1_seq_s1.pt (3.2M lean_seq whole proof),3.2M,lean_seq,scratch,cap-6 control (depth3 f0 a1) 155k,6,frozen,1,dev1108,1108,pass_at_k_expected_solved,4,0.8,13.912,lean_only,"fork lean_judge (Lean 4.34 alone); eval_set whole-proof sampling, max_new 512, batch 2048; sample seed 0",2026-10-02,recomputed,fork:dan_evidence-atlas:artifacts/atlas/eval/c0fz_s1__dev.jsonl,dev1108|k64|T0.8|lean_only
ours-3.2M-C0-wp-cap6,lean-format/ckpts/lf/stage1_a1_seq_s1.pt (3.2M lean_seq whole proof),3.2M,lean_seq,scratch,cap-6 control (depth3 f0 a1) 155k,6,frozen,1,dev1108,1108,pass_at_k_expected_solved,16,0.8,22.931,lean_only,"fork lean_judge (Lean 4.34 alone); eval_set whole-proof sampling, max_new 512, batch 2048; sample seed 0",2026-10-02,recomputed,fork:dan_evidence-atlas:artifacts/atlas/eval/c0fz_s1__dev.jsonl,dev1108|k64|T0.8|lean_only
ours-3.2M-C0-wp-cap6,lean-format/ckpts/lf/stage1_a1_seq_s1.pt (3.2M lean_seq whole proof),3.2M,lean_seq,scratch,cap-6 control (depth3 f0 a1) 155k,6,frozen,1,dev1108,1108,pass_at_k_expected_solved,64,0.8,36.0,lean_only,"fork lean_judge (Lean 4.34 alone); eval_set whole-proof sampling, max_new 512, batch 2048; sample seed 0",2026-10-02,recomputed,fork:dan_evidence-atlas:artifacts/atlas/eval/c0fz_s1__dev.jsonl,dev1108|k64|T0.8|lean_only
ours-3.2M-C0-wp-cap6,lean-format/ckpts/lf/stage1_a1_seq_s1.pt (3.2M lean_seq whole proof),3.2M,lean_seq,scratch,cap-6 control (depth3 f0 a1) 155k,6,frozen,1,holdout250,250,solved,256,0.8,8,lean_only,"fork lean_judge (Lean 4.34 alone); eval_set whole-proof sampling, max_new 512, batch 2048; sample seed 0",2026-10-02,recomputed,fork:dan_evidence-atlas:artifacts/atlas/eval/c0fz_s1__h250.jsonl,holdout250|k256|T0.8|lean_only
ours-3.2M-C0-wp-cap6,lean-format/ckpts/lf/stage1_a1_seq_s1.pt (3.2M lean_seq whole proof),3.2M,lean_seq,scratch,cap-6 control (depth3 f0 a1) 155k,6,frozen,1,holdout250,250,pass_at_k_expected_solved,1,0.8,0.496,lean_only,"fork lean_judge (Lean 4.34 alone); eval_set whole-proof sampling, max_new 512, batch 2048; sample seed 0",2026-10-02,recomputed,fork:dan_evidence-atlas:artifacts/atlas/eval/c0fz_s1__h250.jsonl,holdout250|k256|T0.8|lean_only
ours-3.2M-C0-wp-cap6,lean-format/ckpts/lf/stage1_a1_seq_s1.pt (3.2M lean_seq whole proof),3.2M,lean_seq,scratch,cap-6 control (depth3 f0 a1) 155k,6,frozen,1,holdout250,250,pass_at_k_expected_solved,4,0.8,1.259,lean_only,"fork lean_judge (Lean 4.34 alone); eval_set whole-proof sampling, max_new 512, batch 2048; sample seed 0",2026-10-02,recomputed,fork:dan_evidence-atlas:artifacts/atlas/eval/c0fz_s1__h250.jsonl,holdout250|k256|T0.8|lean_only
ours-3.2M-C0-wp-cap6,lean-format/ckpts/lf/stage1_a1_seq_s1.pt (3.2M lean_seq whole proof),3.2M,lean_seq,scratch,cap-6 control (depth3 f0 a1) 155k,6,frozen,1,holdout250,250,pass_at_k_expected_solved,16,0.8,2.354,lean_only,"fork lean_judge (Lean 4.34 alone); eval_set whole-proof sampling, max_new 512, batch 2048; sample seed 0",2026-10-02,recomputed,fork:dan_evidence-atlas:artifacts/atlas/eval/c0fz_s1__h250.jsonl,holdout250|k256|T0.8|lean_only
ours-3.2M-C0-wp-cap6,lean-format/ckpts/lf/stage1_a1_seq_s1.pt (3.2M lean_seq whole proof),3.2M,lean_seq,scratch,cap-6 control (depth3 f0 a1) 155k,6,frozen,1,holdout250,250,pass_at_k_expected_solved,64,0.8,4.455,lean_only,"fork lean_judge (Lean 4.34 alone); eval_set whole-proof sampling, max_new 512, batch 2048; sample seed 0",2026-10-02,recomputed,fork:dan_evidence-atlas:artifacts/atlas/eval/c0fz_s1__h250.jsonl,holdout250|k256|T0.8|lean_only
ours-3.2M-C0-wp-cap6,lean-format/ckpts/lf/stage1_a1_seq_s1.pt (3.2M lean_seq whole proof),3.2M,lean_seq,scratch,cap-6 control (depth3 f0 a1) 155k,6,frozen,1,holdout250,250,pass_at_k_expected_solved,256,0.8,8.0,lean_only,"fork lean_judge (Lean 4.34 alone); eval_set whole-proof sampling, max_new 512, batch 2048; sample seed 0",2026-10-02,recomputed,fork:dan_evidence-atlas:artifacts/atlas/eval/c0fz_s1__h250.jsonl,holdout250|k256|T0.8|lean_only
ours-3.2M-C0-wp-cap6,lean-format/ckpts/lf/stage1_a1_seq_s1.pt (3.2M lean_seq whole proof),3.2M,lean_seq,scratch,cap-6 control (depth3 f0 a1) 155k,6,frozen,1,textbook72,72,solved,256,0.8,11,lean_only,"fork lean_judge (Lean 4.34 alone); eval_set whole-proof sampling, max_new 512, batch 2048; sample seed 0",2026-10-02,recomputed,fork:dan_evidence-atlas:artifacts/atlas/eval/c0fz_s1__tb72.jsonl,textbook72|k256|T0.8|lean_only
ours-3.2M-C0-wp-cap6,lean-format/ckpts/lf/stage1_a1_seq_s1.pt (3.2M lean_seq whole proof),3.2M,lean_seq,scratch,cap-6 control (depth3 f0 a1) 155k,6,frozen,1,textbook72,72,pass_at_k_expected_solved,1,0.8,4.715,lean_only,"fork lean_judge (Lean 4.34 alone); eval_set whole-proof sampling, max_new 512, batch 2048; sample seed 0",2026-10-02,recomputed,fork:dan_evidence-atlas:artifacts/atlas/eval/c0fz_s1__tb72.jsonl,textbook72|k256|T0.8|lean_only
ours-3.2M-C0-wp-cap6,lean-format/ckpts/lf/stage1_a1_seq_s1.pt (3.2M lean_seq whole proof),3.2M,lean_seq,scratch,cap-6 control (depth3 f0 a1) 155k,6,frozen,1,textbook72,72,pass_at_k_expected_solved,4,0.8,6.757,lean_only,"fork lean_judge (Lean 4.34 alone); eval_set whole-proof sampling, max_new 512, batch 2048; sample seed 0",2026-10-02,recomputed,fork:dan_evidence-atlas:artifacts/atlas/eval/c0fz_s1__tb72.jsonl,textbook72|k256|T0.8|lean_only
ours-3.2M-C0-wp-cap6,lean-format/ckpts/lf/stage1_a1_seq_s1.pt (3.2M lean_seq whole proof),3.2M,lean_seq,scratch,cap-6 control (depth3 f0 a1) 155k,6,frozen,1,textbook72,72,pass_at_k_expected_solved,16,0.8,8.925,lean_only,"fork lean_judge (Lean 4.34 alone); eval_set whole-proof sampling, max_new 512, batch 2048; sample seed 0",2026-10-02,recomputed,fork:dan_evidence-atlas:artifacts/atlas/eval/c0fz_s1__tb72.jsonl,textbook72|k256|T0.8|lean_only
ours-3.2M-C0-wp-cap6,lean-format/ckpts/lf/stage1_a1_seq_s1.pt (3.2M lean_seq whole proof),3.2M,lean_seq,scratch,cap-6 control (depth3 f0 a1) 155k,6,frozen,1,textbook72,72,pass_at_k_expected_solved,64,0.8,10.257,lean_only,"fork lean_judge (Lean 4.34 alone); eval_set whole-proof sampling, max_new 512, batch 2048; sample seed 0",2026-10-02,recomputed,fork:dan_evidence-atlas:artifacts/atlas/eval/c0fz_s1__tb72.jsonl,textbook72|k256|T0.8|lean_only
ours-3.2M-C0-wp-cap6,lean-format/ckpts/lf/stage1_a1_seq_s1.pt (3.2M lean_seq whole proof),3.2M,lean_seq,scratch,cap-6 control (depth3 f0 a1) 155k,6,frozen,1,textbook72,72,pass_at_k_expected_solved,256,0.8,11.0,lean_only,"fork lean_judge (Lean 4.34 alone); eval_set whole-proof sampling, max_new 512, batch 2048; sample seed 0",2026-10-02,recomputed,fork:dan_evidence-atlas:artifacts/atlas/eval/c0fz_s1__tb72.jsonl,textbook72|k256|T0.8|lean_only
ours-3.2M-C0-wp-cap6,ds-generator/ckpts/ladder/la_T1_c0_s0_r8.pt (3.2M lean_seq whole proof),3.2M,lean_seq,scratch,cap-6 control (depth3 f0 a1) 155k + T1 ladder r8,6,T1,0,dev1108,1108,solved,64,0.8,417,lean_only,"fork lean_judge (Lean 4.34 alone); eval_set whole-proof sampling, max_new 512, batch 2048; sample seed 0",2026-10-02,recomputed,fork:dan_evidence-atlas:artifacts/atlas/eval/c0t1_s0__dev.jsonl,dev1108|k64|T0.8|lean_only
ours-3.2M-C0-wp-cap6,ds-generator/ckpts/ladder/la_T1_c0_s0_r8.pt (3.2M lean_seq whole proof),3.2M,lean_seq,scratch,cap-6 control (depth3 f0 a1) 155k + T1 ladder r8,6,T1,0,dev1108,1108,pass_at_k_expected_solved,1,0.8,265.516,lean_only,"fork lean_judge (Lean 4.34 alone); eval_set whole-proof sampling, max_new 512, batch 2048; sample seed 0",2026-10-02,recomputed,fork:dan_evidence-atlas:artifacts/atlas/eval/c0t1_s0__dev.jsonl,dev1108|k64|T0.8|lean_only
ours-3.2M-C0-wp-cap6,ds-generator/ckpts/ladder/la_T1_c0_s0_r8.pt (3.2M lean_seq whole proof),3.2M,lean_seq,scratch,cap-6 control (depth3 f0 a1) 155k + T1 ladder r8,6,T1,0,dev1108,1108,pass_at_k_expected_solved,4,0.8,335.944,lean_only,"fork lean_judge (Lean 4.34 alone); eval_set whole-proof sampling, max_new 512, batch 2048; sample seed 0",2026-10-02,recomputed,fork:dan_evidence-atlas:artifacts/atlas/eval/c0t1_s0__dev.jsonl,dev1108|k64|T0.8|lean_only
ours-3.2M-C0-wp-cap6,ds-generator/ckpts/ladder/la_T1_c0_s0_r8.pt (3.2M lean_seq whole proof),3.2M,lean_seq,scratch,cap-6 control (depth3 f0 a1) 155k + T1 ladder r8,6,T1,0,dev1108,1108,pass_at_k_expected_solved,16,0.8,381.811,lean_only,"fork lean_judge (Lean 4.34 alone); eval_set whole-proof sampling, max_new 512, batch 2048; sample seed 0",2026-10-02,recomputed,fork:dan_evidence-atlas:artifacts/atlas/eval/c0t1_s0__dev.jsonl,dev1108|k64|T0.8|lean_only
ours-3.2M-C0-wp-cap6,ds-generator/ckpts/ladder/la_T1_c0_s0_r8.pt (3.2M lean_seq whole proof),3.2M,lean_seq,scratch,cap-6 control (depth3 f0 a1) 155k + T1 ladder r8,6,T1,0,dev1108,1108,pass_at_k_expected_solved,64,0.8,417.0,lean_only,"fork lean_judge (Lean 4.34 alone); eval_set whole-proof sampling, max_new 512, batch 2048; sample seed 0",2026-10-02,recomputed,fork:dan_evidence-atlas:artifacts/atlas/eval/c0t1_s0__dev.jsonl,dev1108|k64|T0.8|lean_only
ours-3.2M-C0-wp-cap6,ds-generator/ckpts/ladder/la_T1_c0_s0_r8.pt (3.2M lean_seq whole proof),3.2M,lean_seq,scratch,cap-6 control (depth3 f0 a1) 155k + T1 ladder r8,6,T1,0,holdout250,250,solved,256,0.8,104,lean_only,"fork lean_judge (Lean 4.34 alone); eval_set whole-proof sampling, max_new 512, batch 2048; sample seed 0",2026-10-02,recomputed,fork:dan_evidence-atlas:artifacts/atlas/eval/c0t1_s0__h250.jsonl,holdout250|k256|T0.8|lean_only
ours-3.2M-C0-wp-cap6,ds-generator/ckpts/ladder/la_T1_c0_s0_r8.pt (3.2M lean_seq whole proof),3.2M,lean_seq,scratch,cap-6 control (depth3 f0 a1) 155k + T1 ladder r8,6,T1,0,holdout250,250,pass_at_k_expected_solved,1,0.8,62.828,lean_only,"fork lean_judge (Lean 4.34 alone); eval_set whole-proof sampling, max_new 512, batch 2048; sample seed 0",2026-10-02,recomputed,fork:dan_evidence-atlas:artifacts/atlas/eval/c0t1_s0__h250.jsonl,holdout250|k256|T0.8|lean_only
ours-3.2M-C0-wp-cap6,ds-generator/ckpts/ladder/la_T1_c0_s0_r8.pt (3.2M lean_seq whole proof),3.2M,lean_seq,scratch,cap-6 control (depth3 f0 a1) 155k + T1 ladder r8,6,T1,0,holdout250,250,pass_at_k_expected_solved,4,0.8,79.335,lean_only,"fork lean_judge (Lean 4.34 alone); eval_set whole-proof sampling, max_new 512, batch 2048; sample seed 0",2026-10-02,recomputed,fork:dan_evidence-atlas:artifacts/atlas/eval/c0t1_s0__h250.jsonl,holdout250|k256|T0.8|lean_only
ours-3.2M-C0-wp-cap6,ds-generator/ckpts/ladder/la_T1_c0_s0_r8.pt (3.2M lean_seq whole proof),3.2M,lean_seq,scratch,cap-6 control (depth3 f0 a1) 155k + T1 ladder r8,6,T1,0,holdout250,250,pass_at_k_expected_solved,16,0.8,90.641,lean_only,"fork lean_judge (Lean 4.34 alone); eval_set whole-proof sampling, max_new 512, batch 2048; sample seed 0",2026-10-02,recomputed,fork:dan_evidence-atlas:artifacts/atlas/eval/c0t1_s0__h250.jsonl,holdout250|k256|T0.8|lean_only
ours-3.2M-C0-wp-cap6,ds-generator/ckpts/ladder/la_T1_c0_s0_r8.pt (3.2M lean_seq whole proof),3.2M,lean_seq,scratch,cap-6 control (depth3 f0 a1) 155k + T1 ladder r8,6,T1,0,holdout250,250,pass_at_k_expected_solved,64,0.8,98.323,lean_only,"fork lean_judge (Lean 4.34 alone); eval_set whole-proof sampling, max_new 512, batch 2048; sample seed 0",2026-10-02,recomputed,fork:dan_evidence-atlas:artifacts/atlas/eval/c0t1_s0__h250.jsonl,holdout250|k256|T0.8|lean_only
ours-3.2M-C0-wp-cap6,ds-generator/ckpts/ladder/la_T1_c0_s0_r8.pt (3.2M lean_seq whole proof),3.2M,lean_seq,scratch,cap-6 control (depth3 f0 a1) 155k + T1 ladder r8,6,T1,0,holdout250,250,pass_at_k_expected_solved,256,0.8,104.0,lean_only,"fork lean_judge (Lean 4.34 alone); eval_set whole-proof sampling, max_new 512, batch 2048; sample seed 0",2026-10-02,recomputed,fork:dan_evidence-atlas:artifacts/atlas/eval/c0t1_s0__h250.jsonl,holdout250|k256|T0.8|lean_only
ours-3.2M-C0-wp-cap6,ds-generator/ckpts/ladder/la_T1_c0_s0_r8.pt (3.2M lean_seq whole proof),3.2M,lean_seq,scratch,cap-6 control (depth3 f0 a1) 155k + T1 ladder r8,6,T1,0,textbook72,72,solved,256,0.8,15,lean_only,"fork lean_judge (Lean 4.34 alone); eval_set whole-proof sampling, max_new 512, batch 2048; sample seed 0",2026-10-02,recomputed,fork:dan_evidence-atlas:artifacts/atlas/eval/c0t1_s0__tb72.jsonl,textbook72|k256|T0.8|lean_only
ours-3.2M-C0-wp-cap6,ds-generator/ckpts/ladder/la_T1_c0_s0_r8.pt (3.2M lean_seq whole proof),3.2M,lean_seq,scratch,cap-6 control (depth3 f0 a1) 155k + T1 ladder r8,6,T1,0,textbook72,72,pass_at_k_expected_solved,1,0.8,7.039,lean_only,"fork lean_judge (Lean 4.34 alone); eval_set whole-proof sampling, max_new 512, batch 2048; sample seed 0",2026-10-02,recomputed,fork:dan_evidence-atlas:artifacts/atlas/eval/c0t1_s0__tb72.jsonl,textbook72|k256|T0.8|lean_only
ours-3.2M-C0-wp-cap6,ds-generator/ckpts/ladder/la_T1_c0_s0_r8.pt (3.2M lean_seq whole proof),3.2M,lean_seq,scratch,cap-6 control (depth3 f0 a1) 155k + T1 ladder r8,6,T1,0,textbook72,72,pass_at_k_expected_solved,4,0.8,9.794,lean_only,"fork lean_judge (Lean 4.34 alone); eval_set whole-proof sampling, max_new 512, batch 2048; sample seed 0",2026-10-02,recomputed,fork:dan_evidence-atlas:artifacts/atlas/eval/c0t1_s0__tb72.jsonl,textbook72|k256|T0.8|lean_only
ours-3.2M-C0-wp-cap6,ds-generator/ckpts/ladder/la_T1_c0_s0_r8.pt (3.2M lean_seq whole proof),3.2M,lean_seq,scratch,cap-6 control (depth3 f0 a1) 155k + T1 ladder r8,6,T1,0,textbook72,72,pass_at_k_expected_solved,16,0.8,11.269,lean_only,"fork lean_judge (Lean 4.34 alone); eval_set whole-proof sampling, max_new 512, batch 2048; sample seed 0",2026-10-02,recomputed,fork:dan_evidence-atlas:artifacts/atlas/eval/c0t1_s0__tb72.jsonl,textbook72|k256|T0.8|lean_only
ours-3.2M-C0-wp-cap6,ds-generator/ckpts/ladder/la_T1_c0_s0_r8.pt (3.2M lean_seq whole proof),3.2M,lean_seq,scratch,cap-6 control (depth3 f0 a1) 155k + T1 ladder r8,6,T1,0,textbook72,72,pass_at_k_expected_solved,64,0.8,12.624,lean_only,"fork lean_judge (Lean 4.34 alone); eval_set whole-proof sampling, max_new 512, batch 2048; sample seed 0",2026-10-02,recomputed,fork:dan_evidence-atlas:artifacts/atlas/eval/c0t1_s0__tb72.jsonl,textbook72|k256|T0.8|lean_only
ours-3.2M-C0-wp-cap6,ds-generator/ckpts/ladder/la_T1_c0_s0_r8.pt (3.2M lean_seq whole proof),3.2M,lean_seq,scratch,cap-6 control (depth3 f0 a1) 155k + T1 ladder r8,6,T1,0,textbook72,72,pass_at_k_expected_solved,256,0.8,15.0,lean_only,"fork lean_judge (Lean 4.34 alone); eval_set whole-proof sampling, max_new 512, batch 2048; sample seed 0",2026-10-02,recomputed,fork:dan_evidence-atlas:artifacts/atlas/eval/c0t1_s0__tb72.jsonl,textbook72|k256|T0.8|lean_only
ours-3.2M-C0-wp-cap6,ds-generator/ckpts/ladder/la_T1_c0_s1_r8.pt (3.2M lean_seq whole proof),3.2M,lean_seq,scratch,cap-6 control (depth3 f0 a1) 155k + T1 ladder r8,6,T1,1,dev1108,1108,solved,64,0.8,465,lean_only,"fork lean_judge (Lean 4.34 alone); eval_set whole-proof sampling, max_new 512, batch 2048; sample seed 0",2026-10-02,recomputed,fork:dan_evidence-atlas:artifacts/atlas/eval/c0t1_s1__dev.jsonl,dev1108|k64|T0.8|lean_only
ours-3.2M-C0-wp-cap6,ds-generator/ckpts/ladder/la_T1_c0_s1_r8.pt (3.2M lean_seq whole proof),3.2M,lean_seq,scratch,cap-6 control (depth3 f0 a1) 155k + T1 ladder r8,6,T1,1,dev1108,1108,pass_at_k_expected_solved,1,0.8,310.438,lean_only,"fork lean_judge (Lean 4.34 alone); eval_set whole-proof sampling, max_new 512, batch 2048; sample seed 0",2026-10-02,recomputed,fork:dan_evidence-atlas:artifacts/atlas/eval/c0t1_s1__dev.jsonl,dev1108|k64|T0.8|lean_only
ours-3.2M-C0-wp-cap6,ds-generator/ckpts/ladder/la_T1_c0_s1_r8.pt (3.2M lean_seq whole proof),3.2M,lean_seq,scratch,cap-6 control (depth3 f0 a1) 155k + T1 ladder r8,6,T1,1,dev1108,1108,pass_at_k_expected_solved,4,0.8,383.783,lean_only,"fork lean_judge (Lean 4.34 alone); eval_set whole-proof sampling, max_new 512, batch 2048; sample seed 0",2026-10-02,recomputed,fork:dan_evidence-atlas:artifacts/atlas/eval/c0t1_s1__dev.jsonl,dev1108|k64|T0.8|lean_only
ours-3.2M-C0-wp-cap6,ds-generator/ckpts/ladder/la_T1_c0_s1_r8.pt (3.2M lean_seq whole proof),3.2M,lean_seq,scratch,cap-6 control (depth3 f0 a1) 155k + T1 ladder r8,6,T1,1,dev1108,1108,pass_at_k_expected_solved,16,0.8,428.944,lean_only,"fork lean_judge (Lean 4.34 alone); eval_set whole-proof sampling, max_new 512, batch 2048; sample seed 0",2026-10-02,recomputed,fork:dan_evidence-atlas:artifacts/atlas/eval/c0t1_s1__dev.jsonl,dev1108|k64|T0.8|lean_only
ours-3.2M-C0-wp-cap6,ds-generator/ckpts/ladder/la_T1_c0_s1_r8.pt (3.2M lean_seq whole proof),3.2M,lean_seq,scratch,cap-6 control (depth3 f0 a1) 155k + T1 ladder r8,6,T1,1,dev1108,1108,pass_at_k_expected_solved,64,0.8,465.0,lean_only,"fork lean_judge (Lean 4.34 alone); eval_set whole-proof sampling, max_new 512, batch 2048; sample seed 0",2026-10-02,recomputed,fork:dan_evidence-atlas:artifacts/atlas/eval/c0t1_s1__dev.jsonl,dev1108|k64|T0.8|lean_only
ours-3.2M-C0-wp-cap6,ds-generator/ckpts/ladder/la_T1_c0_s1_r8.pt (3.2M lean_seq whole proof),3.2M,lean_seq,scratch,cap-6 control (depth3 f0 a1) 155k + T1 ladder r8,6,T1,1,holdout250,250,solved,256,0.8,102,lean_only,"fork lean_judge (Lean 4.34 alone); eval_set whole-proof sampling, max_new 512, batch 2048; sample seed 0",2026-10-02,recomputed,fork:dan_evidence-atlas:artifacts/atlas/eval/c0t1_s1__h250.jsonl,holdout250|k256|T0.8|lean_only
ours-3.2M-C0-wp-cap6,ds-generator/ckpts/ladder/la_T1_c0_s1_r8.pt (3.2M lean_seq whole proof),3.2M,lean_seq,scratch,cap-6 control (depth3 f0 a1) 155k + T1 ladder r8,6,T1,1,holdout250,250,pass_at_k_expected_solved,1,0.8,62.766,lean_only,"fork lean_judge (Lean 4.34 alone); eval_set whole-proof sampling, max_new 512, batch 2048; sample seed 0",2026-10-02,recomputed,fork:dan_evidence-atlas:artifacts/atlas/eval/c0t1_s1__h250.jsonl,holdout250|k256|T0.8|lean_only
ours-3.2M-C0-wp-cap6,ds-generator/ckpts/ladder/la_T1_c0_s1_r8.pt (3.2M lean_seq whole proof),3.2M,lean_seq,scratch,cap-6 control (depth3 f0 a1) 155k + T1 ladder r8,6,T1,1,holdout250,250,pass_at_k_expected_solved,4,0.8,77.972,lean_only,"fork lean_judge (Lean 4.34 alone); eval_set whole-proof sampling, max_new 512, batch 2048; sample seed 0",2026-10-02,recomputed,fork:dan_evidence-atlas:artifacts/atlas/eval/c0t1_s1__h250.jsonl,holdout250|k256|T0.8|lean_only
ours-3.2M-C0-wp-cap6,ds-generator/ckpts/ladder/la_T1_c0_s1_r8.pt (3.2M lean_seq whole proof),3.2M,lean_seq,scratch,cap-6 control (depth3 f0 a1) 155k + T1 ladder r8,6,T1,1,holdout250,250,pass_at_k_expected_solved,16,0.8,89.144,lean_only,"fork lean_judge (Lean 4.34 alone); eval_set whole-proof sampling, max_new 512, batch 2048; sample seed 0",2026-10-02,recomputed,fork:dan_evidence-atlas:artifacts/atlas/eval/c0t1_s1__h250.jsonl,holdout250|k256|T0.8|lean_only
ours-3.2M-C0-wp-cap6,ds-generator/ckpts/ladder/la_T1_c0_s1_r8.pt (3.2M lean_seq whole proof),3.2M,lean_seq,scratch,cap-6 control (depth3 f0 a1) 155k + T1 ladder r8,6,T1,1,holdout250,250,pass_at_k_expected_solved,64,0.8,96.22,lean_only,"fork lean_judge (Lean 4.34 alone); eval_set whole-proof sampling, max_new 512, batch 2048; sample seed 0",2026-10-02,recomputed,fork:dan_evidence-atlas:artifacts/atlas/eval/c0t1_s1__h250.jsonl,holdout250|k256|T0.8|lean_only
ours-3.2M-C0-wp-cap6,ds-generator/ckpts/ladder/la_T1_c0_s1_r8.pt (3.2M lean_seq whole proof),3.2M,lean_seq,scratch,cap-6 control (depth3 f0 a1) 155k + T1 ladder r8,6,T1,1,holdout250,250,pass_at_k_expected_solved,256,0.8,102.0,lean_only,"fork lean_judge (Lean 4.34 alone); eval_set whole-proof sampling, max_new 512, batch 2048; sample seed 0",2026-10-02,recomputed,fork:dan_evidence-atlas:artifacts/atlas/eval/c0t1_s1__h250.jsonl,holdout250|k256|T0.8|lean_only
ours-3.2M-C0-wp-cap6,ds-generator/ckpts/ladder/la_T1_c0_s1_r8.pt (3.2M lean_seq whole proof),3.2M,lean_seq,scratch,cap-6 control (depth3 f0 a1) 155k + T1 ladder r8,6,T1,1,textbook72,72,solved,256,0.8,13,lean_only,"fork lean_judge (Lean 4.34 alone); eval_set whole-proof sampling, max_new 512, batch 2048; sample seed 0",2026-10-02,recomputed,fork:dan_evidence-atlas:artifacts/atlas/eval/c0t1_s1__tb72.jsonl,textbook72|k256|T0.8|lean_only
ours-3.2M-C0-wp-cap6,ds-generator/ckpts/ladder/la_T1_c0_s1_r8.pt (3.2M lean_seq whole proof),3.2M,lean_seq,scratch,cap-6 control (depth3 f0 a1) 155k + T1 ladder r8,6,T1,1,textbook72,72,pass_at_k_expected_solved,1,0.8,6.59,lean_only,"fork lean_judge (Lean 4.34 alone); eval_set whole-proof sampling, max_new 512, batch 2048; sample seed 0",2026-10-02,recomputed,fork:dan_evidence-atlas:artifacts/atlas/eval/c0t1_s1__tb72.jsonl,textbook72|k256|T0.8|lean_only
ours-3.2M-C0-wp-cap6,ds-generator/ckpts/ladder/la_T1_c0_s1_r8.pt (3.2M lean_seq whole proof),3.2M,lean_seq,scratch,cap-6 control (depth3 f0 a1) 155k + T1 ladder r8,6,T1,1,textbook72,72,pass_at_k_expected_solved,4,0.8,8.697,lean_only,"fork lean_judge (Lean 4.34 alone); eval_set whole-proof sampling, max_new 512, batch 2048; sample seed 0",2026-10-02,recomputed,fork:dan_evidence-atlas:artifacts/atlas/eval/c0t1_s1__tb72.jsonl,textbook72|k256|T0.8|lean_only
ours-3.2M-C0-wp-cap6,ds-generator/ckpts/ladder/la_T1_c0_s1_r8.pt (3.2M lean_seq whole proof),3.2M,lean_seq,scratch,cap-6 control (depth3 f0 a1) 155k + T1 ladder r8,6,T1,1,textbook72,72,pass_at_k_expected_solved,16,0.8,10.003,lean_only,"fork lean_judge (Lean 4.34 alone); eval_set whole-proof sampling, max_new 512, batch 2048; sample seed 0",2026-10-02,recomputed,fork:dan_evidence-atlas:artifacts/atlas/eval/c0t1_s1__tb72.jsonl,textbook72|k256|T0.8|lean_only
ours-3.2M-C0-wp-cap6,ds-generator/ckpts/ladder/la_T1_c0_s1_r8.pt (3.2M lean_seq whole proof),3.2M,lean_seq,scratch,cap-6 control (depth3 f0 a1) 155k + T1 ladder r8,6,T1,1,textbook72,72,pass_at_k_expected_solved,64,0.8,10.75,lean_only,"fork lean_judge (Lean 4.34 alone); eval_set whole-proof sampling, max_new 512, batch 2048; sample seed 0",2026-10-02,recomputed,fork:dan_evidence-atlas:artifacts/atlas/eval/c0t1_s1__tb72.jsonl,textbook72|k256|T0.8|lean_only
ours-3.2M-C0-wp-cap6,ds-generator/ckpts/ladder/la_T1_c0_s1_r8.pt (3.2M lean_seq whole proof),3.2M,lean_seq,scratch,cap-6 control (depth3 f0 a1) 155k + T1 ladder r8,6,T1,1,textbook72,72,pass_at_k_expected_solved,256,0.8,13.0,lean_only,"fork lean_judge (Lean 4.34 alone); eval_set whole-proof sampling, max_new 512, batch 2048; sample seed 0",2026-10-02,recomputed,fork:dan_evidence-atlas:artifacts/atlas/eval/c0t1_s1__tb72.jsonl,textbook72|k256|T0.8|lean_only
ours-3.2M-K12-wp-cap12,cap-horizon/ckpts/kh/stage1_k12_s0.pt (3.2M lean_seq whole proof),3.2M,lean_seq,scratch,K12 155k,12,frozen,0,dev1108,1108,solved,64,0.8,415,lean_only,"fork lean_judge (Lean 4.34 alone); eval_set whole-proof sampling, max_new 512, batch 2048; sample seed 0",2026-10-02,recomputed,fork:dan_evidence-atlas:artifacts/atlas/eval/k12fz_s0__dev.jsonl,dev1108|k64|T0.8|lean_only
ours-3.2M-K12-wp-cap12,cap-horizon/ckpts/kh/stage1_k12_s0.pt (3.2M lean_seq whole proof),3.2M,lean_seq,scratch,K12 155k,12,frozen,0,dev1108,1108,pass_at_k_expected_solved,1,0.8,87.828,lean_only,"fork lean_judge (Lean 4.34 alone); eval_set whole-proof sampling, max_new 512, batch 2048; sample seed 0",2026-10-02,recomputed,fork:dan_evidence-atlas:artifacts/atlas/eval/k12fz_s0__dev.jsonl,dev1108|k64|T0.8|lean_only
ours-3.2M-K12-wp-cap12,cap-horizon/ckpts/kh/stage1_k12_s0.pt (3.2M lean_seq whole proof),3.2M,lean_seq,scratch,K12 155k,12,frozen,0,dev1108,1108,pass_at_k_expected_solved,4,0.8,183.137,lean_only,"fork lean_judge (Lean 4.34 alone); eval_set whole-proof sampling, max_new 512, batch 2048; sample seed 0",2026-10-02,recomputed,fork:dan_evidence-atlas:artifacts/atlas/eval/k12fz_s0__dev.jsonl,dev1108|k64|T0.8|lean_only
ours-3.2M-K12-wp-cap12,cap-horizon/ckpts/kh/stage1_k12_s0.pt (3.2M lean_seq whole proof),3.2M,lean_seq,scratch,K12 155k,12,frozen,0,dev1108,1108,pass_at_k_expected_solved,16,0.8,293.481,lean_only,"fork lean_judge (Lean 4.34 alone); eval_set whole-proof sampling, max_new 512, batch 2048; sample seed 0",2026-10-02,recomputed,fork:dan_evidence-atlas:artifacts/atlas/eval/k12fz_s0__dev.jsonl,dev1108|k64|T0.8|lean_only
ours-3.2M-K12-wp-cap12,cap-horizon/ckpts/kh/stage1_k12_s0.pt (3.2M lean_seq whole proof),3.2M,lean_seq,scratch,K12 155k,12,frozen,0,dev1108,1108,pass_at_k_expected_solved,64,0.8,415.0,lean_only,"fork lean_judge (Lean 4.34 alone); eval_set whole-proof sampling, max_new 512, batch 2048; sample seed 0",2026-10-02,recomputed,fork:dan_evidence-atlas:artifacts/atlas/eval/k12fz_s0__dev.jsonl,dev1108|k64|T0.8|lean_only
ours-3.2M-K12-wp-cap12,cap-horizon/ckpts/kh/stage1_k12_s0.pt (3.2M lean_seq whole proof),3.2M,lean_seq,scratch,K12 155k,12,frozen,0,holdout250,250,solved,256,0.8,115,lean_only,"fork lean_judge (Lean 4.34 alone); eval_set whole-proof sampling, max_new 512, batch 2048; sample seed 0",2026-10-02,recomputed,fork:dan_evidence-atlas:artifacts/atlas/eval/k12fz_s0__h250.jsonl,holdout250|k256|T0.8|lean_only
ours-3.2M-K12-wp-cap12,cap-horizon/ckpts/kh/stage1_k12_s0.pt (3.2M lean_seq whole proof),3.2M,lean_seq,scratch,K12 155k,12,frozen,0,holdout250,250,pass_at_k_expected_solved,1,0.8,18.84,lean_only,"fork lean_judge (Lean 4.34 alone); eval_set whole-proof sampling, max_new 512, batch 2048; sample seed 0",2026-10-02,recomputed,fork:dan_evidence-atlas:artifacts/atlas/eval/k12fz_s0__h250.jsonl,holdout250|k256|T0.8|lean_only
ours-3.2M-K12-wp-cap12,cap-horizon/ckpts/kh/stage1_k12_s0.pt (3.2M lean_seq whole proof),3.2M,lean_seq,scratch,K12 155k,12,frozen,0,holdout250,250,pass_at_k_expected_solved,4,0.8,41.012,lean_only,"fork lean_judge (Lean 4.34 alone); eval_set whole-proof sampling, max_new 512, batch 2048; sample seed 0",2026-10-02,recomputed,fork:dan_evidence-atlas:artifacts/atlas/eval/k12fz_s0__h250.jsonl,holdout250|k256|T0.8|lean_only
ours-3.2M-K12-wp-cap12,cap-horizon/ckpts/kh/stage1_k12_s0.pt (3.2M lean_seq whole proof),3.2M,lean_seq,scratch,K12 155k,12,frozen,0,holdout250,250,pass_at_k_expected_solved,16,0.8,66.089,lean_only,"fork lean_judge (Lean 4.34 alone); eval_set whole-proof sampling, max_new 512, batch 2048; sample seed 0",2026-10-02,recomputed,fork:dan_evidence-atlas:artifacts/atlas/eval/k12fz_s0__h250.jsonl,holdout250|k256|T0.8|lean_only
ours-3.2M-K12-wp-cap12,cap-horizon/ckpts/kh/stage1_k12_s0.pt (3.2M lean_seq whole proof),3.2M,lean_seq,scratch,K12 155k,12,frozen,0,holdout250,250,pass_at_k_expected_solved,64,0.8,91.425,lean_only,"fork lean_judge (Lean 4.34 alone); eval_set whole-proof sampling, max_new 512, batch 2048; sample seed 0",2026-10-02,recomputed,fork:dan_evidence-atlas:artifacts/atlas/eval/k12fz_s0__h250.jsonl,holdout250|k256|T0.8|lean_only
ours-3.2M-K12-wp-cap12,cap-horizon/ckpts/kh/stage1_k12_s0.pt (3.2M lean_seq whole proof),3.2M,lean_seq,scratch,K12 155k,12,frozen,0,holdout250,250,pass_at_k_expected_solved,256,0.8,115.0,lean_only,"fork lean_judge (Lean 4.34 alone); eval_set whole-proof sampling, max_new 512, batch 2048; sample seed 0",2026-10-02,recomputed,fork:dan_evidence-atlas:artifacts/atlas/eval/k12fz_s0__h250.jsonl,holdout250|k256|T0.8|lean_only
ours-3.2M-K12-wp-cap12,cap-horizon/ckpts/kh/stage1_k12_s0.pt (3.2M lean_seq whole proof),3.2M,lean_seq,scratch,K12 155k,12,frozen,0,textbook72,72,solved,256,0.8,21,lean_only,"fork lean_judge (Lean 4.34 alone); eval_set whole-proof sampling, max_new 512, batch 2048; sample seed 0",2026-10-02,recomputed,fork:dan_evidence-atlas:artifacts/atlas/eval/k12fz_s0__tb72.jsonl,textbook72|k256|T0.8|lean_only
ours-3.2M-K12-wp-cap12,cap-horizon/ckpts/kh/stage1_k12_s0.pt (3.2M lean_seq whole proof),3.2M,lean_seq,scratch,K12 155k,12,frozen,0,textbook72,72,pass_at_k_expected_solved,1,0.8,7.441,lean_only,"fork lean_judge (Lean 4.34 alone); eval_set whole-proof sampling, max_new 512, batch 2048; sample seed 0",2026-10-02,recomputed,fork:dan_evidence-atlas:artifacts/atlas/eval/k12fz_s0__tb72.jsonl,textbook72|k256|T0.8|lean_only
ours-3.2M-K12-wp-cap12,cap-horizon/ckpts/kh/stage1_k12_s0.pt (3.2M lean_seq whole proof),3.2M,lean_seq,scratch,K12 155k,12,frozen,0,textbook72,72,pass_at_k_expected_solved,4,0.8,9.844,lean_only,"fork lean_judge (Lean 4.34 alone); eval_set whole-proof sampling, max_new 512, batch 2048; sample seed 0",2026-10-02,recomputed,fork:dan_evidence-atlas:artifacts/atlas/eval/k12fz_s0__tb72.jsonl,textbook72|k256|T0.8|lean_only
ours-3.2M-K12-wp-cap12,cap-horizon/ckpts/kh/stage1_k12_s0.pt (3.2M lean_seq whole proof),3.2M,lean_seq,scratch,K12 155k,12,frozen,0,textbook72,72,pass_at_k_expected_solved,16,0.8,11.836,lean_only,"fork lean_judge (Lean 4.34 alone); eval_set whole-proof sampling, max_new 512, batch 2048; sample seed 0",2026-10-02,recomputed,fork:dan_evidence-atlas:artifacts/atlas/eval/k12fz_s0__tb72.jsonl,textbook72|k256|T0.8|lean_only
ours-3.2M-K12-wp-cap12,cap-horizon/ckpts/kh/stage1_k12_s0.pt (3.2M lean_seq whole proof),3.2M,lean_seq,scratch,K12 155k,12,frozen,0,textbook72,72,pass_at_k_expected_solved,64,0.8,15.363,lean_only,"fork lean_judge (Lean 4.34 alone); eval_set whole-proof sampling, max_new 512, batch 2048; sample seed 0",2026-10-02,recomputed,fork:dan_evidence-atlas:artifacts/atlas/eval/k12fz_s0__tb72.jsonl,textbook72|k256|T0.8|lean_only
ours-3.2M-K12-wp-cap12,cap-horizon/ckpts/kh/stage1_k12_s0.pt (3.2M lean_seq whole proof),3.2M,lean_seq,scratch,K12 155k,12,frozen,0,textbook72,72,pass_at_k_expected_solved,256,0.8,21.0,lean_only,"fork lean_judge (Lean 4.34 alone); eval_set whole-proof sampling, max_new 512, batch 2048; sample seed 0",2026-10-02,recomputed,fork:dan_evidence-atlas:artifacts/atlas/eval/k12fz_s0__tb72.jsonl,textbook72|k256|T0.8|lean_only
ours-3.2M-K12-wp-cap12,cap-horizon/ckpts/kh/stage1_k12_s1.pt (3.2M lean_seq whole proof),3.2M,lean_seq,scratch,K12 155k,12,frozen,1,dev1108,1108,solved,64,0.8,384,lean_only,"fork lean_judge (Lean 4.34 alone); eval_set whole-proof sampling, max_new 512, batch 2048; sample seed 0",2026-10-02,recomputed,fork:dan_evidence-atlas:artifacts/atlas/eval/k12fz_s1__dev.jsonl,dev1108|k64|T0.8|lean_only
ours-3.2M-K12-wp-cap12,cap-horizon/ckpts/kh/stage1_k12_s1.pt (3.2M lean_seq whole proof),3.2M,lean_seq,scratch,K12 155k,12,frozen,1,dev1108,1108,pass_at_k_expected_solved,1,0.8,75.016,lean_only,"fork lean_judge (Lean 4.34 alone); eval_set whole-proof sampling, max_new 512, batch 2048; sample seed 0",2026-10-02,recomputed,fork:dan_evidence-atlas:artifacts/atlas/eval/k12fz_s1__dev.jsonl,dev1108|k64|T0.8|lean_only
ours-3.2M-K12-wp-cap12,cap-horizon/ckpts/kh/stage1_k12_s1.pt (3.2M lean_seq whole proof),3.2M,lean_seq,scratch,K12 155k,12,frozen,1,dev1108,1108,pass_at_k_expected_solved,4,0.8,163.201,lean_only,"fork lean_judge (Lean 4.34 alone); eval_set whole-proof sampling, max_new 512, batch 2048; sample seed 0",2026-10-02,recomputed,fork:dan_evidence-atlas:artifacts/atlas/eval/k12fz_s1__dev.jsonl,dev1108|k64|T0.8|lean_only
ours-3.2M-K12-wp-cap12,cap-horizon/ckpts/kh/stage1_k12_s1.pt (3.2M lean_seq whole proof),3.2M,lean_seq,scratch,K12 155k,12,frozen,1,dev1108,1108,pass_at_k_expected_solved,16,0.8,270.683,lean_only,"fork lean_judge (Lean 4.34 alone); eval_set whole-proof sampling, max_new 512, batch 2048; sample seed 0",2026-10-02,recomputed,fork:dan_evidence-atlas:artifacts/atlas/eval/k12fz_s1__dev.jsonl,dev1108|k64|T0.8|lean_only
ours-3.2M-K12-wp-cap12,cap-horizon/ckpts/kh/stage1_k12_s1.pt (3.2M lean_seq whole proof),3.2M,lean_seq,scratch,K12 155k,12,frozen,1,dev1108,1108,pass_at_k_expected_solved,64,0.8,384.0,lean_only,"fork lean_judge (Lean 4.34 alone); eval_set whole-proof sampling, max_new 512, batch 2048; sample seed 0",2026-10-02,recomputed,fork:dan_evidence-atlas:artifacts/atlas/eval/k12fz_s1__dev.jsonl,dev1108|k64|T0.8|lean_only
ours-3.2M-K12-wp-cap12,cap-horizon/ckpts/kh/stage1_k12_s1.pt (3.2M lean_seq whole proof),3.2M,lean_seq,scratch,K12 155k,12,frozen,1,holdout250,250,solved,256,0.8,104,lean_only,"fork lean_judge (Lean 4.34 alone); eval_set whole-proof sampling, max_new 512, batch 2048; sample seed 0",2026-10-02,recomputed,fork:dan_evidence-atlas:artifacts/atlas/eval/k12fz_s1__h250.jsonl,holdout250|k256|T0.8|lean_only
ours-3.2M-K12-wp-cap12,cap-horizon/ckpts/kh/stage1_k12_s1.pt (3.2M lean_seq whole proof),3.2M,lean_seq,scratch,K12 155k,12,frozen,1,holdout250,250,pass_at_k_expected_solved,1,0.8,16.781,lean_only,"fork lean_judge (Lean 4.34 alone); eval_set whole-proof sampling, max_new 512, batch 2048; sample seed 0",2026-10-02,recomputed,fork:dan_evidence-atlas:artifacts/atlas/eval/k12fz_s1__h250.jsonl,holdout250|k256|T0.8|lean_only
ours-3.2M-K12-wp-cap12,cap-horizon/ckpts/kh/stage1_k12_s1.pt (3.2M lean_seq whole proof),3.2M,lean_seq,scratch,K12 155k,12,frozen,1,holdout250,250,pass_at_k_expected_solved,4,0.8,34.819,lean_only,"fork lean_judge (Lean 4.34 alone); eval_set whole-proof sampling, max_new 512, batch 2048; sample seed 0",2026-10-02,recomputed,fork:dan_evidence-atlas:artifacts/atlas/eval/k12fz_s1__h250.jsonl,holdout250|k256|T0.8|lean_only
ours-3.2M-K12-wp-cap12,cap-horizon/ckpts/kh/stage1_k12_s1.pt (3.2M lean_seq whole proof),3.2M,lean_seq,scratch,K12 155k,12,frozen,1,holdout250,250,pass_at_k_expected_solved,16,0.8,56.267,lean_only,"fork lean_judge (Lean 4.34 alone); eval_set whole-proof sampling, max_new 512, batch 2048; sample seed 0",2026-10-02,recomputed,fork:dan_evidence-atlas:artifacts/atlas/eval/k12fz_s1__h250.jsonl,holdout250|k256|T0.8|lean_only
ours-3.2M-K12-wp-cap12,cap-horizon/ckpts/kh/stage1_k12_s1.pt (3.2M lean_seq whole proof),3.2M,lean_seq,scratch,K12 155k,12,frozen,1,holdout250,250,pass_at_k_expected_solved,64,0.8,80.162,lean_only,"fork lean_judge (Lean 4.34 alone); eval_set whole-proof sampling, max_new 512, batch 2048; sample seed 0",2026-10-02,recomputed,fork:dan_evidence-atlas:artifacts/atlas/eval/k12fz_s1__h250.jsonl,holdout250|k256|T0.8|lean_only
ours-3.2M-K12-wp-cap12,cap-horizon/ckpts/kh/stage1_k12_s1.pt (3.2M lean_seq whole proof),3.2M,lean_seq,scratch,K12 155k,12,frozen,1,holdout250,250,pass_at_k_expected_solved,256,0.8,104.0,lean_only,"fork lean_judge (Lean 4.34 alone); eval_set whole-proof sampling, max_new 512, batch 2048; sample seed 0",2026-10-02,recomputed,fork:dan_evidence-atlas:artifacts/atlas/eval/k12fz_s1__h250.jsonl,holdout250|k256|T0.8|lean_only
ours-3.2M-K12-wp-cap12,cap-horizon/ckpts/kh/stage1_k12_s1.pt (3.2M lean_seq whole proof),3.2M,lean_seq,scratch,K12 155k,12,frozen,1,textbook72,72,solved,256,0.8,21,lean_only,"fork lean_judge (Lean 4.34 alone); eval_set whole-proof sampling, max_new 512, batch 2048; sample seed 0",2026-10-02,recomputed,fork:dan_evidence-atlas:artifacts/atlas/eval/k12fz_s1__tb72.jsonl,textbook72|k256|T0.8|lean_only
ours-3.2M-K12-wp-cap12,cap-horizon/ckpts/kh/stage1_k12_s1.pt (3.2M lean_seq whole proof),3.2M,lean_seq,scratch,K12 155k,12,frozen,1,textbook72,72,pass_at_k_expected_solved,1,0.8,6.285,lean_only,"fork lean_judge (Lean 4.34 alone); eval_set whole-proof sampling, max_new 512, batch 2048; sample seed 0",2026-10-02,recomputed,fork:dan_evidence-atlas:artifacts/atlas/eval/k12fz_s1__tb72.jsonl,textbook72|k256|T0.8|lean_only
ours-3.2M-K12-wp-cap12,cap-horizon/ckpts/kh/stage1_k12_s1.pt (3.2M lean_seq whole proof),3.2M,lean_seq,scratch,K12 155k,12,frozen,1,textbook72,72,pass_at_k_expected_solved,4,0.8,9.342,lean_only,"fork lean_judge (Lean 4.34 alone); eval_set whole-proof sampling, max_new 512, batch 2048; sample seed 0",2026-10-02,recomputed,fork:dan_evidence-atlas:artifacts/atlas/eval/k12fz_s1__tb72.jsonl,textbook72|k256|T0.8|lean_only
ours-3.2M-K12-wp-cap12,cap-horizon/ckpts/kh/stage1_k12_s1.pt (3.2M lean_seq whole proof),3.2M,lean_seq,scratch,K12 155k,12,frozen,1,textbook72,72,pass_at_k_expected_solved,16,0.8,12.488,lean_only,"fork lean_judge (Lean 4.34 alone); eval_set whole-proof sampling, max_new 512, batch 2048; sample seed 0",2026-10-02,recomputed,fork:dan_evidence-atlas:artifacts/atlas/eval/k12fz_s1__tb72.jsonl,textbook72|k256|T0.8|lean_only
ours-3.2M-K12-wp-cap12,cap-horizon/ckpts/kh/stage1_k12_s1.pt (3.2M lean_seq whole proof),3.2M,lean_seq,scratch,K12 155k,12,frozen,1,textbook72,72,pass_at_k_expected_solved,64,0.8,16.221,lean_only,"fork lean_judge (Lean 4.34 alone); eval_set whole-proof sampling, max_new 512, batch 2048; sample seed 0",2026-10-02,recomputed,fork:dan_evidence-atlas:artifacts/atlas/eval/k12fz_s1__tb72.jsonl,textbook72|k256|T0.8|lean_only
ours-3.2M-K12-wp-cap12,cap-horizon/ckpts/kh/stage1_k12_s1.pt (3.2M lean_seq whole proof),3.2M,lean_seq,scratch,K12 155k,12,frozen,1,textbook72,72,pass_at_k_expected_solved,256,0.8,21.0,lean_only,"fork lean_judge (Lean 4.34 alone); eval_set whole-proof sampling, max_new 512, batch 2048; sample seed 0",2026-10-02,recomputed,fork:dan_evidence-atlas:artifacts/atlas/eval/k12fz_s1__tb72.jsonl,textbook72|k256|T0.8|lean_only
ours-3.2M-K12-wp-cap12,state-cap12/ckpts/ladder/la_T1_K12_s0_r8.pt (3.2M lean_seq whole proof),3.2M,lean_seq,scratch,K12 155k + T1 ladder r8,12,T1,0,dev1108,1108,solved,64,0.8,797,lean_only,"fork lean_judge (Lean 4.34 alone); eval_set whole-proof sampling, max_new 512, batch 2048; sample seed 0",2026-10-02,recomputed,fork:dan_evidence-atlas:artifacts/atlas/eval/k12t1_s0__dev.jsonl,dev1108|k64|T0.8|lean_only
ours-3.2M-K12-wp-cap12,state-cap12/ckpts/ladder/la_T1_K12_s0_r8.pt (3.2M lean_seq whole proof),3.2M,lean_seq,scratch,K12 155k + T1 ladder r8,12,T1,0,dev1108,1108,pass_at_k_expected_solved,1,0.8,481.672,lean_only,"fork lean_judge (Lean 4.34 alone); eval_set whole-proof sampling, max_new 512, batch 2048; sample seed 0",2026-10-02,recomputed,fork:dan_evidence-atlas:artifacts/atlas/eval/k12t1_s0__dev.jsonl,dev1108|k64|T0.8|lean_only
ours-3.2M-K12-wp-cap12,state-cap12/ckpts/ladder/la_T1_K12_s0_r8.pt (3.2M lean_seq whole proof),3.2M,lean_seq,scratch,K12 155k + T1 ladder r8,12,T1,0,dev1108,1108,pass_at_k_expected_solved,4,0.8,652.582,lean_only,"fork lean_judge (Lean 4.34 alone); eval_set whole-proof sampling, max_new 512, batch 2048; sample seed 0",2026-10-02,recomputed,fork:dan_evidence-atlas:artifacts/atlas/eval/k12t1_s0__dev.jsonl,dev1108|k64|T0.8|lean_only
ours-3.2M-K12-wp-cap12,state-cap12/ckpts/ladder/la_T1_K12_s0_r8.pt (3.2M lean_seq whole proof),3.2M,lean_seq,scratch,K12 155k + T1 ladder r8,12,T1,0,dev1108,1108,pass_at_k_expected_solved,16,0.8,738.469,lean_only,"fork lean_judge (Lean 4.34 alone); eval_set whole-proof sampling, max_new 512, batch 2048; sample seed 0",2026-10-02,recomputed,fork:dan_evidence-atlas:artifacts/atlas/eval/k12t1_s0__dev.jsonl,dev1108|k64|T0.8|lean_only
ours-3.2M-K12-wp-cap12,state-cap12/ckpts/ladder/la_T1_K12_s0_r8.pt (3.2M lean_seq whole proof),3.2M,lean_seq,scratch,K12 155k + T1 ladder r8,12,T1,0,dev1108,1108,pass_at_k_expected_solved,64,0.8,797.0,lean_only,"fork lean_judge (Lean 4.34 alone); eval_set whole-proof sampling, max_new 512, batch 2048; sample seed 0",2026-10-02,recomputed,fork:dan_evidence-atlas:artifacts/atlas/eval/k12t1_s0__dev.jsonl,dev1108|k64|T0.8|lean_only
ours-3.2M-K12-wp-cap12,state-cap12/ckpts/ladder/la_T1_K12_s0_r8.pt (3.2M lean_seq whole proof),3.2M,lean_seq,scratch,K12 155k + T1 ladder r8,12,T1,0,holdout250,250,solved,256,0.8,181,lean_only,"fork lean_judge (Lean 4.34 alone); eval_set whole-proof sampling, max_new 512, batch 2048; sample seed 0",2026-10-02,recomputed,fork:dan_evidence-atlas:artifacts/atlas/eval/k12t1_s0__h250.jsonl,holdout250|k256|T0.8|lean_only
ours-3.2M-K12-wp-cap12,state-cap12/ckpts/ladder/la_T1_K12_s0_r8.pt (3.2M lean_seq whole proof),3.2M,lean_seq,scratch,K12 155k + T1 ladder r8,12,T1,0,holdout250,250,pass_at_k_expected_solved,1,0.8,100.637,lean_only,"fork lean_judge (Lean 4.34 alone); eval_set whole-proof sampling, max_new 512, batch 2048; sample seed 0",2026-10-02,recomputed,fork:dan_evidence-atlas:artifacts/atlas/eval/k12t1_s0__h250.jsonl,holdout250|k256|T0.8|lean_only
ours-3.2M-K12-wp-cap12,state-cap12/ckpts/ladder/la_T1_K12_s0_r8.pt (3.2M lean_seq whole proof),3.2M,lean_seq,scratch,K12 155k + T1 ladder r8,12,T1,0,holdout250,250,pass_at_k_expected_solved,4,0.8,136.677,lean_only,"fork lean_judge (Lean 4.34 alone); eval_set whole-proof sampling, max_new 512, batch 2048; sample seed 0",2026-10-02,recomputed,fork:dan_evidence-atlas:artifacts/atlas/eval/k12t1_s0__h250.jsonl,holdout250|k256|T0.8|lean_only
ours-3.2M-K12-wp-cap12,state-cap12/ckpts/ladder/la_T1_K12_s0_r8.pt (3.2M lean_seq whole proof),3.2M,lean_seq,scratch,K12 155k + T1 ladder r8,12,T1,0,holdout250,250,pass_at_k_expected_solved,16,0.8,156.303,lean_only,"fork lean_judge (Lean 4.34 alone); eval_set whole-proof sampling, max_new 512, batch 2048; sample seed 0",2026-10-02,recomputed,fork:dan_evidence-atlas:artifacts/atlas/eval/k12t1_s0__h250.jsonl,holdout250|k256|T0.8|lean_only
ours-3.2M-K12-wp-cap12,state-cap12/ckpts/ladder/la_T1_K12_s0_r8.pt (3.2M lean_seq whole proof),3.2M,lean_seq,scratch,K12 155k + T1 ladder r8,12,T1,0,holdout250,250,pass_at_k_expected_solved,64,0.8,171.22,lean_only,"fork lean_judge (Lean 4.34 alone); eval_set whole-proof sampling, max_new 512, batch 2048; sample seed 0",2026-10-02,recomputed,fork:dan_evidence-atlas:artifacts/atlas/eval/k12t1_s0__h250.jsonl,holdout250|k256|T0.8|lean_only
ours-3.2M-K12-wp-cap12,state-cap12/ckpts/ladder/la_T1_K12_s0_r8.pt (3.2M lean_seq whole proof),3.2M,lean_seq,scratch,K12 155k + T1 ladder r8,12,T1,0,holdout250,250,pass_at_k_expected_solved,256,0.8,181.0,lean_only,"fork lean_judge (Lean 4.34 alone); eval_set whole-proof sampling, max_new 512, batch 2048; sample seed 0",2026-10-02,recomputed,fork:dan_evidence-atlas:artifacts/atlas/eval/k12t1_s0__h250.jsonl,holdout250|k256|T0.8|lean_only
ours-3.2M-K12-wp-cap12,state-cap12/ckpts/ladder/la_T1_K12_s0_r8.pt (3.2M lean_seq whole proof),3.2M,lean_seq,scratch,K12 155k + T1 ladder r8,12,T1,0,textbook72,72,solved,256,0.8,25,lean_only,"fork lean_judge (Lean 4.34 alone); eval_set whole-proof sampling, max_new 512, batch 2048; sample seed 0",2026-10-02,recomputed,fork:dan_evidence-atlas:artifacts/atlas/eval/k12t1_s0__tb72.jsonl,textbook72|k256|T0.8|lean_only
ours-3.2M-K12-wp-cap12,state-cap12/ckpts/ladder/la_T1_K12_s0_r8.pt (3.2M lean_seq whole proof),3.2M,lean_seq,scratch,K12 155k + T1 ladder r8,12,T1,0,textbook72,72,pass_at_k_expected_solved,1,0.8,9.562,lean_only,"fork lean_judge (Lean 4.34 alone); eval_set whole-proof sampling, max_new 512, batch 2048; sample seed 0",2026-10-02,recomputed,fork:dan_evidence-atlas:artifacts/atlas/eval/k12t1_s0__tb72.jsonl,textbook72|k256|T0.8|lean_only
ours-3.2M-K12-wp-cap12,state-cap12/ckpts/ladder/la_T1_K12_s0_r8.pt (3.2M lean_seq whole proof),3.2M,lean_seq,scratch,K12 155k + T1 ladder r8,12,T1,0,textbook72,72,pass_at_k_expected_solved,4,0.8,13.138,lean_only,"fork lean_judge (Lean 4.34 alone); eval_set whole-proof sampling, max_new 512, batch 2048; sample seed 0",2026-10-02,recomputed,fork:dan_evidence-atlas:artifacts/atlas/eval/k12t1_s0__tb72.jsonl,textbook72|k256|T0.8|lean_only
ours-3.2M-K12-wp-cap12,state-cap12/ckpts/ladder/la_T1_K12_s0_r8.pt (3.2M lean_seq whole proof),3.2M,lean_seq,scratch,K12 155k + T1 ladder r8,12,T1,0,textbook72,72,pass_at_k_expected_solved,16,0.8,15.958,lean_only,"fork lean_judge (Lean 4.34 alone); eval_set whole-proof sampling, max_new 512, batch 2048; sample seed 0",2026-10-02,recomputed,fork:dan_evidence-atlas:artifacts/atlas/eval/k12t1_s0__tb72.jsonl,textbook72|k256|T0.8|lean_only
ours-3.2M-K12-wp-cap12,state-cap12/ckpts/ladder/la_T1_K12_s0_r8.pt (3.2M lean_seq whole proof),3.2M,lean_seq,scratch,K12 155k + T1 ladder r8,12,T1,0,textbook72,72,pass_at_k_expected_solved,64,0.8,18.993,lean_only,"fork lean_judge (Lean 4.34 alone); eval_set whole-proof sampling, max_new 512, batch 2048; sample seed 0",2026-10-02,recomputed,fork:dan_evidence-atlas:artifacts/atlas/eval/k12t1_s0__tb72.jsonl,textbook72|k256|T0.8|lean_only
ours-3.2M-K12-wp-cap12,state-cap12/ckpts/ladder/la_T1_K12_s0_r8.pt (3.2M lean_seq whole proof),3.2M,lean_seq,scratch,K12 155k + T1 ladder r8,12,T1,0,textbook72,72,pass_at_k_expected_solved,256,0.8,25.0,lean_only,"fork lean_judge (Lean 4.34 alone); eval_set whole-proof sampling, max_new 512, batch 2048; sample seed 0",2026-10-02,recomputed,fork:dan_evidence-atlas:artifacts/atlas/eval/k12t1_s0__tb72.jsonl,textbook72|k256|T0.8|lean_only
ours-3.2M-K12-wp-cap12,state-cap12/ckpts/ladder/la_T1_K12_s1_r8.pt (3.2M lean_seq whole proof),3.2M,lean_seq,scratch,K12 155k + T1 ladder r8,12,T1,1,dev1108,1108,solved,64,0.8,771,lean_only,"fork lean_judge (Lean 4.34 alone); eval_set whole-proof sampling, max_new 512, batch 2048; sample seed 0",2026-10-02,recomputed,fork:dan_evidence-atlas:artifacts/atlas/eval/k12t1_s1__dev.jsonl,dev1108|k64|T0.8|lean_only
ours-3.2M-K12-wp-cap12,state-cap12/ckpts/ladder/la_T1_K12_s1_r8.pt (3.2M lean_seq whole proof),3.2M,lean_seq,scratch,K12 155k + T1 ladder r8,12,T1,1,dev1108,1108,pass_at_k_expected_solved,1,0.8,480.391,lean_only,"fork lean_judge (Lean 4.34 alone); eval_set whole-proof sampling, max_new 512, batch 2048; sample seed 0",2026-10-02,recomputed,fork:dan_evidence-atlas:artifacts/atlas/eval/k12t1_s1__dev.jsonl,dev1108|k64|T0.8|lean_only
ours-3.2M-K12-wp-cap12,state-cap12/ckpts/ladder/la_T1_K12_s1_r8.pt (3.2M lean_seq whole proof),3.2M,lean_seq,scratch,K12 155k + T1 ladder r8,12,T1,1,dev1108,1108,pass_at_k_expected_solved,4,0.8,645.991,lean_only,"fork lean_judge (Lean 4.34 alone); eval_set whole-proof sampling, max_new 512, batch 2048; sample seed 0",2026-10-02,recomputed,fork:dan_evidence-atlas:artifacts/atlas/eval/k12t1_s1__dev.jsonl,dev1108|k64|T0.8|lean_only
ours-3.2M-K12-wp-cap12,state-cap12/ckpts/ladder/la_T1_K12_s1_r8.pt (3.2M lean_seq whole proof),3.2M,lean_seq,scratch,K12 155k + T1 ladder r8,12,T1,1,dev1108,1108,pass_at_k_expected_solved,16,0.8,722.726,lean_only,"fork lean_judge (Lean 4.34 alone); eval_set whole-proof sampling, max_new 512, batch 2048; sample seed 0",2026-10-02,recomputed,fork:dan_evidence-atlas:artifacts/atlas/eval/k12t1_s1__dev.jsonl,dev1108|k64|T0.8|lean_only
ours-3.2M-K12-wp-cap12,state-cap12/ckpts/ladder/la_T1_K12_s1_r8.pt (3.2M lean_seq whole proof),3.2M,lean_seq,scratch,K12 155k + T1 ladder r8,12,T1,1,dev1108,1108,pass_at_k_expected_solved,64,0.8,771.0,lean_only,"fork lean_judge (Lean 4.34 alone); eval_set whole-proof sampling, max_new 512, batch 2048; sample seed 0",2026-10-02,recomputed,fork:dan_evidence-atlas:artifacts/atlas/eval/k12t1_s1__dev.jsonl,dev1108|k64|T0.8|lean_only
ours-3.2M-K12-wp-cap12,state-cap12/ckpts/ladder/la_T1_K12_s1_r8.pt (3.2M lean_seq whole proof),3.2M,lean_seq,scratch,K12 155k + T1 ladder r8,12,T1,1,holdout250,250,solved,256,0.8,177,lean_only,"fork lean_judge (Lean 4.34 alone); eval_set whole-proof sampling, max_new 512, batch 2048; sample seed 0",2026-10-02,recomputed,fork:dan_evidence-atlas:artifacts/atlas/eval/k12t1_s1__h250.jsonl,holdout250|k256|T0.8|lean_only
ours-3.2M-K12-wp-cap12,state-cap12/ckpts/ladder/la_T1_K12_s1_r8.pt (3.2M lean_seq whole proof),3.2M,lean_seq,scratch,K12 155k + T1 ladder r8,12,T1,1,holdout250,250,pass_at_k_expected_solved,1,0.8,97.691,lean_only,"fork lean_judge (Lean 4.34 alone); eval_set whole-proof sampling, max_new 512, batch 2048; sample seed 0",2026-10-02,recomputed,fork:dan_evidence-atlas:artifacts/atlas/eval/k12t1_s1__h250.jsonl,holdout250|k256|T0.8|lean_only
ours-3.2M-K12-wp-cap12,state-cap12/ckpts/ladder/la_T1_K12_s1_r8.pt (3.2M lean_seq whole proof),3.2M,lean_seq,scratch,K12 155k + T1 ladder r8,12,T1,1,holdout250,250,pass_at_k_expected_solved,4,0.8,137.481,lean_only,"fork lean_judge (Lean 4.34 alone); eval_set whole-proof sampling, max_new 512, batch 2048; sample seed 0",2026-10-02,recomputed,fork:dan_evidence-atlas:artifacts/atlas/eval/k12t1_s1__h250.jsonl,holdout250|k256|T0.8|lean_only
ours-3.2M-K12-wp-cap12,state-cap12/ckpts/ladder/la_T1_K12_s1_r8.pt (3.2M lean_seq whole proof),3.2M,lean_seq,scratch,K12 155k + T1 ladder r8,12,T1,1,holdout250,250,pass_at_k_expected_solved,16,0.8,158.988,lean_only,"fork lean_judge (Lean 4.34 alone); eval_set whole-proof sampling, max_new 512, batch 2048; sample seed 0",2026-10-02,recomputed,fork:dan_evidence-atlas:artifacts/atlas/eval/k12t1_s1__h250.jsonl,holdout250|k256|T0.8|lean_only
ours-3.2M-K12-wp-cap12,state-cap12/ckpts/ladder/la_T1_K12_s1_r8.pt (3.2M lean_seq whole proof),3.2M,lean_seq,scratch,K12 155k + T1 ladder r8,12,T1,1,holdout250,250,pass_at_k_expected_solved,64,0.8,170.094,lean_only,"fork lean_judge (Lean 4.34 alone); eval_set whole-proof sampling, max_new 512, batch 2048; sample seed 0",2026-10-02,recomputed,fork:dan_evidence-atlas:artifacts/atlas/eval/k12t1_s1__h250.jsonl,holdout250|k256|T0.8|lean_only
ours-3.2M-K12-wp-cap12,state-cap12/ckpts/ladder/la_T1_K12_s1_r8.pt (3.2M lean_seq whole proof),3.2M,lean_seq,scratch,K12 155k + T1 ladder r8,12,T1,1,holdout250,250,pass_at_k_expected_solved,256,0.8,177.0,lean_only,"fork lean_judge (Lean 4.34 alone); eval_set whole-proof sampling, max_new 512, batch 2048; sample seed 0",2026-10-02,recomputed,fork:dan_evidence-atlas:artifacts/atlas/eval/k12t1_s1__h250.jsonl,holdout250|k256|T0.8|lean_only
ours-3.2M-K12-wp-cap12,state-cap12/ckpts/ladder/la_T1_K12_s1_r8.pt (3.2M lean_seq whole proof),3.2M,lean_seq,scratch,K12 155k + T1 ladder r8,12,T1,1,textbook72,72,solved,256,0.8,22,lean_only,"fork lean_judge (Lean 4.34 alone); eval_set whole-proof sampling, max_new 512, batch 2048; sample seed 0",2026-10-02,recomputed,fork:dan_evidence-atlas:artifacts/atlas/eval/k12t1_s1__tb72.jsonl,textbook72|k256|T0.8|lean_only
ours-3.2M-K12-wp-cap12,state-cap12/ckpts/ladder/la_T1_K12_s1_r8.pt (3.2M lean_seq whole proof),3.2M,lean_seq,scratch,K12 155k + T1 ladder r8,12,T1,1,textbook72,72,pass_at_k_expected_solved,1,0.8,9.777,lean_only,"fork lean_judge (Lean 4.34 alone); eval_set whole-proof sampling, max_new 512, batch 2048; sample seed 0",2026-10-02,recomputed,fork:dan_evidence-atlas:artifacts/atlas/eval/k12t1_s1__tb72.jsonl,textbook72|k256|T0.8|lean_only
ours-3.2M-K12-wp-cap12,state-cap12/ckpts/ladder/la_T1_K12_s1_r8.pt (3.2M lean_seq whole proof),3.2M,lean_seq,scratch,K12 155k + T1 ladder r8,12,T1,1,textbook72,72,pass_at_k_expected_solved,4,0.8,13.34,lean_only,"fork lean_judge (Lean 4.34 alone); eval_set whole-proof sampling, max_new 512, batch 2048; sample seed 0",2026-10-02,recomputed,fork:dan_evidence-atlas:artifacts/atlas/eval/k12t1_s1__tb72.jsonl,textbook72|k256|T0.8|lean_only
ours-3.2M-K12-wp-cap12,state-cap12/ckpts/ladder/la_T1_K12_s1_r8.pt (3.2M lean_seq whole proof),3.2M,lean_seq,scratch,K12 155k + T1 ladder r8,12,T1,1,textbook72,72,pass_at_k_expected_solved,16,0.8,15.663,lean_only,"fork lean_judge (Lean 4.34 alone); eval_set whole-proof sampling, max_new 512, batch 2048; sample seed 0",2026-10-02,recomputed,fork:dan_evidence-atlas:artifacts/atlas/eval/k12t1_s1__tb72.jsonl,textbook72|k256|T0.8|lean_only
ours-3.2M-K12-wp-cap12,state-cap12/ckpts/ladder/la_T1_K12_s1_r8.pt (3.2M lean_seq whole proof),3.2M,lean_seq,scratch,K12 155k + T1 ladder r8,12,T1,1,textbook72,72,pass_at_k_expected_solved,64,0.8,18.717,lean_only,"fork lean_judge (Lean 4.34 alone); eval_set whole-proof sampling, max_new 512, batch 2048; sample seed 0",2026-10-02,recomputed,fork:dan_evidence-atlas:artifacts/atlas/eval/k12t1_s1__tb72.jsonl,textbook72|k256|T0.8|lean_only
ours-3.2M-K12-wp-cap12,state-cap12/ckpts/ladder/la_T1_K12_s1_r8.pt (3.2M lean_seq whole proof),3.2M,lean_seq,scratch,K12 155k + T1 ladder r8,12,T1,1,textbook72,72,pass_at_k_expected_solved,256,0.8,22.0,lean_only,"fork lean_judge (Lean 4.34 alone); eval_set whole-proof sampling, max_new 512, batch 2048; sample seed 0",2026-10-02,recomputed,fork:dan_evidence-atlas:artifacts/atlas/eval/k12t1_s1__tb72.jsonl,textbook72|k256|T0.8|lean_only
ours-3.2M-C0-wp-cap6,lean-format/ckpts/lf/stage1_a1_seq_s0.pt (3.2M lean_seq whole proof),3.2M,lean_seq,scratch,cap-6 control (depth3 f0 a1) 155k,6,frozen,0,holdout250,250,solved,256,0.8,13,lean_only,"re-read (first attempt, batch 4096); fork lean_judge (Lean 4.34 alone); eval_set whole-proof sampling, max_new 512, batch 4096; sample seed 0",2026-10-02,recomputed,fork:dan_evidence-atlas:artifacts/atlas/b4096_partial/eval/c0fz_s0__h250.jsonl,holdout250|k256|T0.8|lean_only
ours-3.2M-C0-wp-cap6,lean-format/ckpts/lf/stage1_a1_seq_s0.pt (3.2M lean_seq whole proof),3.2M,lean_seq,scratch,cap-6 control (depth3 f0 a1) 155k,6,frozen,0,holdout250,250,pass_at_k_expected_solved,1,0.8,0.555,lean_only,"re-read (first attempt, batch 4096); fork lean_judge (Lean 4.34 alone); eval_set whole-proof sampling, max_new 512, batch 4096; sample seed 0",2026-10-02,recomputed,fork:dan_evidence-atlas:artifacts/atlas/b4096_partial/eval/c0fz_s0__h250.jsonl,holdout250|k256|T0.8|lean_only
ours-3.2M-C0-wp-cap6,lean-format/ckpts/lf/stage1_a1_seq_s0.pt (3.2M lean_seq whole proof),3.2M,lean_seq,scratch,cap-6 control (depth3 f0 a1) 155k,6,frozen,0,holdout250,250,pass_at_k_expected_solved,4,0.8,1.944,lean_only,"re-read (first attempt, batch 4096); fork lean_judge (Lean 4.34 alone); eval_set whole-proof sampling, max_new 512, batch 4096; sample seed 0",2026-10-02,recomputed,fork:dan_evidence-atlas:artifacts/atlas/b4096_partial/eval/c0fz_s0__h250.jsonl,holdout250|k256|T0.8|lean_only
ours-3.2M-C0-wp-cap6,lean-format/ckpts/lf/stage1_a1_seq_s0.pt (3.2M lean_seq whole proof),3.2M,lean_seq,scratch,cap-6 control (depth3 f0 a1) 155k,6,frozen,0,holdout250,250,pass_at_k_expected_solved,16,0.8,5.198,lean_only,"re-read (first attempt, batch 4096); fork lean_judge (Lean 4.34 alone); eval_set whole-proof sampling, max_new 512, batch 4096; sample seed 0",2026-10-02,recomputed,fork:dan_evidence-atlas:artifacts/atlas/b4096_partial/eval/c0fz_s0__h250.jsonl,holdout250|k256|T0.8|lean_only
ours-3.2M-C0-wp-cap6,lean-format/ckpts/lf/stage1_a1_seq_s0.pt (3.2M lean_seq whole proof),3.2M,lean_seq,scratch,cap-6 control (depth3 f0 a1) 155k,6,frozen,0,holdout250,250,pass_at_k_expected_solved,64,0.8,9.133,lean_only,"re-read (first attempt, batch 4096); fork lean_judge (Lean 4.34 alone); eval_set whole-proof sampling, max_new 512, batch 4096; sample seed 0",2026-10-02,recomputed,fork:dan_evidence-atlas:artifacts/atlas/b4096_partial/eval/c0fz_s0__h250.jsonl,holdout250|k256|T0.8|lean_only
ours-3.2M-C0-wp-cap6,lean-format/ckpts/lf/stage1_a1_seq_s0.pt (3.2M lean_seq whole proof),3.2M,lean_seq,scratch,cap-6 control (depth3 f0 a1) 155k,6,frozen,0,holdout250,250,pass_at_k_expected_solved,256,0.8,13.0,lean_only,"re-read (first attempt, batch 4096); fork lean_judge (Lean 4.34 alone); eval_set whole-proof sampling, max_new 512, batch 4096; sample seed 0",2026-10-02,recomputed,fork:dan_evidence-atlas:artifacts/atlas/b4096_partial/eval/c0fz_s0__h250.jsonl,holdout250|k256|T0.8|lean_only
ours-3.2M-C0-wp-cap6,lean-format/ckpts/lf/stage1_a1_seq_s1.pt (3.2M lean_seq whole proof),3.2M,lean_seq,scratch,cap-6 control (depth3 f0 a1) 155k,6,frozen,1,dev1108,1108,solved,64,0.8,39,lean_only,"re-read (first attempt, batch 4096); fork lean_judge (Lean 4.34 alone); eval_set whole-proof sampling, max_new 512, batch 4096; sample seed 0",2026-10-02,recomputed,fork:dan_evidence-atlas:artifacts/atlas/b4096_partial/eval/c0fz_s1__dev.jsonl,dev1108|k64|T0.8|lean_only
ours-3.2M-C0-wp-cap6,lean-format/ckpts/lf/stage1_a1_seq_s1.pt (3.2M lean_seq whole proof),3.2M,lean_seq,scratch,cap-6 control (depth3 f0 a1) 155k,6,frozen,1,dev1108,1108,pass_at_k_expected_solved,1,0.8,7.578,lean_only,"re-read (first attempt, batch 4096); fork lean_judge (Lean 4.34 alone); eval_set whole-proof sampling, max_new 512, batch 4096; sample seed 0",2026-10-02,recomputed,fork:dan_evidence-atlas:artifacts/atlas/b4096_partial/eval/c0fz_s1__dev.jsonl,dev1108|k64|T0.8|lean_only
ours-3.2M-C0-wp-cap6,lean-format/ckpts/lf/stage1_a1_seq_s1.pt (3.2M lean_seq whole proof),3.2M,lean_seq,scratch,cap-6 control (depth3 f0 a1) 155k,6,frozen,1,dev1108,1108,pass_at_k_expected_solved,4,0.8,13.626,lean_only,"re-read (first attempt, batch 4096); fork lean_judge (Lean 4.34 alone); eval_set whole-proof sampling, max_new 512, batch 4096; sample seed 0",2026-10-02,recomputed,fork:dan_evidence-atlas:artifacts/atlas/b4096_partial/eval/c0fz_s1__dev.jsonl,dev1108|k64|T0.8|lean_only
ours-3.2M-C0-wp-cap6,lean-format/ckpts/lf/stage1_a1_seq_s1.pt (3.2M lean_seq whole proof),3.2M,lean_seq,scratch,cap-6 control (depth3 f0 a1) 155k,6,frozen,1,dev1108,1108,pass_at_k_expected_solved,16,0.8,23.175,lean_only,"re-read (first attempt, batch 4096); fork lean_judge (Lean 4.34 alone); eval_set whole-proof sampling, max_new 512, batch 4096; sample seed 0",2026-10-02,recomputed,fork:dan_evidence-atlas:artifacts/atlas/b4096_partial/eval/c0fz_s1__dev.jsonl,dev1108|k64|T0.8|lean_only
ours-3.2M-C0-wp-cap6,lean-format/ckpts/lf/stage1_a1_seq_s1.pt (3.2M lean_seq whole proof),3.2M,lean_seq,scratch,cap-6 control (depth3 f0 a1) 155k,6,frozen,1,dev1108,1108,pass_at_k_expected_solved,64,0.8,39.0,lean_only,"re-read (first attempt, batch 4096); fork lean_judge (Lean 4.34 alone); eval_set whole-proof sampling, max_new 512, batch 4096; sample seed 0",2026-10-02,recomputed,fork:dan_evidence-atlas:artifacts/atlas/b4096_partial/eval/c0fz_s1__dev.jsonl,dev1108|k64|T0.8|lean_only
ours-3.2M-C0-wp-cap6,lean-format/ckpts/lf/stage1_a1_seq_s1.pt (3.2M lean_seq whole proof),3.2M,lean_seq,scratch,cap-6 control (depth3 f0 a1) 155k,6,frozen,1,holdout250,250,solved,256,0.8,6,lean_only,"re-read (first attempt, batch 4096); fork lean_judge (Lean 4.34 alone); eval_set whole-proof sampling, max_new 512, batch 4096; sample seed 0",2026-10-02,recomputed,fork:dan_evidence-atlas:artifacts/atlas/b4096_partial/eval/c0fz_s1__h250.jsonl,holdout250|k256|T0.8|lean_only
ours-3.2M-C0-wp-cap6,lean-format/ckpts/lf/stage1_a1_seq_s1.pt (3.2M lean_seq whole proof),3.2M,lean_seq,scratch,cap-6 control (depth3 f0 a1) 155k,6,frozen,1,holdout250,250,pass_at_k_expected_solved,1,0.8,0.504,lean_only,"re-read (first attempt, batch 4096); fork lean_judge (Lean 4.34 alone); eval_set whole-proof sampling, max_new 512, batch 4096; sample seed 0",2026-10-02,recomputed,fork:dan_evidence-atlas:artifacts/atlas/b4096_partial/eval/c0fz_s1__h250.jsonl,holdout250|k256|T0.8|lean_only
ours-3.2M-C0-wp-cap6,lean-format/ckpts/lf/stage1_a1_seq_s1.pt (3.2M lean_seq whole proof),3.2M,lean_seq,scratch,cap-6 control (depth3 f0 a1) 155k,6,frozen,1,holdout250,250,pass_at_k_expected_solved,4,0.8,1.437,lean_only,"re-read (first attempt, batch 4096); fork lean_judge (Lean 4.34 alone); eval_set whole-proof sampling, max_new 512, batch 4096; sample seed 0",2026-10-02,recomputed,fork:dan_evidence-atlas:artifacts/atlas/b4096_partial/eval/c0fz_s1__h250.jsonl,holdout250|k256|T0.8|lean_only
ours-3.2M-C0-wp-cap6,lean-format/ckpts/lf/stage1_a1_seq_s1.pt (3.2M lean_seq whole proof),3.2M,lean_seq,scratch,cap-6 control (depth3 f0 a1) 155k,6,frozen,1,holdout250,250,pass_at_k_expected_solved,16,0.8,2.963,lean_only,"re-read (first attempt, batch 4096); fork lean_judge (Lean 4.34 alone); eval_set whole-proof sampling, max_new 512, batch 4096; sample seed 0",2026-10-02,recomputed,fork:dan_evidence-atlas:artifacts/atlas/b4096_partial/eval/c0fz_s1__h250.jsonl,holdout250|k256|T0.8|lean_only
ours-3.2M-C0-wp-cap6,lean-format/ckpts/lf/stage1_a1_seq_s1.pt (3.2M lean_seq whole proof),3.2M,lean_seq,scratch,cap-6 control (depth3 f0 a1) 155k,6,frozen,1,holdout250,250,pass_at_k_expected_solved,64,0.8,4.76,lean_only,"re-read (first attempt, batch 4096); fork lean_judge (Lean 4.34 alone); eval_set whole-proof sampling, max_new 512, batch 4096; sample seed 0",2026-10-02,recomputed,fork:dan_evidence-atlas:artifacts/atlas/b4096_partial/eval/c0fz_s1__h250.jsonl,holdout250|k256|T0.8|lean_only
ours-3.2M-C0-wp-cap6,lean-format/ckpts/lf/stage1_a1_seq_s1.pt (3.2M lean_seq whole proof),3.2M,lean_seq,scratch,cap-6 control (depth3 f0 a1) 155k,6,frozen,1,holdout250,250,pass_at_k_expected_solved,256,0.8,6.0,lean_only,"re-read (first attempt, batch 4096); fork lean_judge (Lean 4.34 alone); eval_set whole-proof sampling, max_new 512, batch 4096; sample seed 0",2026-10-02,recomputed,fork:dan_evidence-atlas:artifacts/atlas/b4096_partial/eval/c0fz_s1__h250.jsonl,holdout250|k256|T0.8|lean_only
ours-3.2M-C0-wp-cap6,lean-format/ckpts/lf/stage1_a1_seq_s1.pt (3.2M lean_seq whole proof),3.2M,lean_seq,scratch,cap-6 control (depth3 f0 a1) 155k,6,frozen,1,textbook72,72,solved,256,0.8,11,lean_only,"re-read (first attempt, batch 4096); fork lean_judge (Lean 4.34 alone); eval_set whole-proof sampling, max_new 512, batch 4096; sample seed 0",2026-10-02,recomputed,fork:dan_evidence-atlas:artifacts/atlas/b4096_partial/eval/c0fz_s1__tb72.jsonl,textbook72|k256|T0.8|lean_only
ours-3.2M-C0-wp-cap6,lean-format/ckpts/lf/stage1_a1_seq_s1.pt (3.2M lean_seq whole proof),3.2M,lean_seq,scratch,cap-6 control (depth3 f0 a1) 155k,6,frozen,1,textbook72,72,pass_at_k_expected_solved,1,0.8,4.676,lean_only,"re-read (first attempt, batch 4096); fork lean_judge (Lean 4.34 alone); eval_set whole-proof sampling, max_new 512, batch 4096; sample seed 0",2026-10-02,recomputed,fork:dan_evidence-atlas:artifacts/atlas/b4096_partial/eval/c0fz_s1__tb72.jsonl,textbook72|k256|T0.8|lean_only
ours-3.2M-C0-wp-cap6,lean-format/ckpts/lf/stage1_a1_seq_s1.pt (3.2M lean_seq whole proof),3.2M,lean_seq,scratch,cap-6 control (depth3 f0 a1) 155k,6,frozen,1,textbook72,72,pass_at_k_expected_solved,4,0.8,6.656,lean_only,"re-read (first attempt, batch 4096); fork lean_judge (Lean 4.34 alone); eval_set whole-proof sampling, max_new 512, batch 4096; sample seed 0",2026-10-02,recomputed,fork:dan_evidence-atlas:artifacts/atlas/b4096_partial/eval/c0fz_s1__tb72.jsonl,textbook72|k256|T0.8|lean_only
ours-3.2M-C0-wp-cap6,lean-format/ckpts/lf/stage1_a1_seq_s1.pt (3.2M lean_seq whole proof),3.2M,lean_seq,scratch,cap-6 control (depth3 f0 a1) 155k,6,frozen,1,textbook72,72,pass_at_k_expected_solved,16,0.8,8.642,lean_only,"re-read (first attempt, batch 4096); fork lean_judge (Lean 4.34 alone); eval_set whole-proof sampling, max_new 512, batch 4096; sample seed 0",2026-10-02,recomputed,fork:dan_evidence-atlas:artifacts/atlas/b4096_partial/eval/c0fz_s1__tb72.jsonl,textbook72|k256|T0.8|lean_only
ours-3.2M-C0-wp-cap6,lean-format/ckpts/lf/stage1_a1_seq_s1.pt (3.2M lean_seq whole proof),3.2M,lean_seq,scratch,cap-6 control (depth3 f0 a1) 155k,6,frozen,1,textbook72,72,pass_at_k_expected_solved,64,0.8,10.004,lean_only,"re-read (first attempt, batch 4096); fork lean_judge (Lean 4.34 alone); eval_set whole-proof sampling, max_new 512, batch 4096; sample seed 0",2026-10-02,recomputed,fork:dan_evidence-atlas:artifacts/atlas/b4096_partial/eval/c0fz_s1__tb72.jsonl,textbook72|k256|T0.8|lean_only
ours-3.2M-C0-wp-cap6,lean-format/ckpts/lf/stage1_a1_seq_s1.pt (3.2M lean_seq whole proof),3.2M,lean_seq,scratch,cap-6 control (depth3 f0 a1) 155k,6,frozen,1,textbook72,72,pass_at_k_expected_solved,256,0.8,11.0,lean_only,"re-read (first attempt, batch 4096); fork lean_judge (Lean 4.34 alone); eval_set whole-proof sampling, max_new 512, batch 4096; sample seed 0",2026-10-02,recomputed,fork:dan_evidence-atlas:artifacts/atlas/b4096_partial/eval/c0fz_s1__tb72.jsonl,textbook72|k256|T0.8|lean_only
ours-3.2M-C0-wp-cap6,ds-generator/ckpts/ladder/la_T1_c0_s0_r8.pt (3.2M lean_seq whole proof),3.2M,lean_seq,scratch,cap-6 control (depth3 f0 a1) 155k + T1 ladder r8,6,T1,0,dev1108,1108,solved,64,0.8,424,lean_only,"re-read (first attempt, batch 4096); fork lean_judge (Lean 4.34 alone); eval_set whole-proof sampling, max_new 512, batch 4096; sample seed 0",2026-10-02,recomputed,fork:dan_evidence-atlas:artifacts/atlas/b4096_partial/eval/c0t1_s0__dev.jsonl,dev1108|k64|T0.8|lean_only
ours-3.2M-C0-wp-cap6,ds-generator/ckpts/ladder/la_T1_c0_s0_r8.pt (3.2M lean_seq whole proof),3.2M,lean_seq,scratch,cap-6 control (depth3 f0 a1) 155k + T1 ladder r8,6,T1,0,dev1108,1108,pass_at_k_expected_solved,1,0.8,265.578,lean_only,"re-read (first attempt, batch 4096); fork lean_judge (Lean 4.34 alone); eval_set whole-proof sampling, max_new 512, batch 4096; sample seed 0",2026-10-02,recomputed,fork:dan_evidence-atlas:artifacts/atlas/b4096_partial/eval/c0t1_s0__dev.jsonl,dev1108|k64|T0.8|lean_only
ours-3.2M-C0-wp-cap6,ds-generator/ckpts/ladder/la_T1_c0_s0_r8.pt (3.2M lean_seq whole proof),3.2M,lean_seq,scratch,cap-6 control (depth3 f0 a1) 155k + T1 ladder r8,6,T1,0,dev1108,1108,pass_at_k_expected_solved,4,0.8,337.241,lean_only,"re-read (first attempt, batch 4096); fork lean_judge (Lean 4.34 alone); eval_set whole-proof sampling, max_new 512, batch 4096; sample seed 0",2026-10-02,recomputed,fork:dan_evidence-atlas:artifacts/atlas/b4096_partial/eval/c0t1_s0__dev.jsonl,dev1108|k64|T0.8|lean_only
ours-3.2M-C0-wp-cap6,ds-generator/ckpts/ladder/la_T1_c0_s0_r8.pt (3.2M lean_seq whole proof),3.2M,lean_seq,scratch,cap-6 control (depth3 f0 a1) 155k + T1 ladder r8,6,T1,0,dev1108,1108,pass_at_k_expected_solved,16,0.8,384.507,lean_only,"re-read (first attempt, batch 4096); fork lean_judge (Lean 4.34 alone); eval_set whole-proof sampling, max_new 512, batch 4096; sample seed 0",2026-10-02,recomputed,fork:dan_evidence-atlas:artifacts/atlas/b4096_partial/eval/c0t1_s0__dev.jsonl,dev1108|k64|T0.8|lean_only
ours-3.2M-C0-wp-cap6,ds-generator/ckpts/ladder/la_T1_c0_s0_r8.pt (3.2M lean_seq whole proof),3.2M,lean_seq,scratch,cap-6 control (depth3 f0 a1) 155k + T1 ladder r8,6,T1,0,dev1108,1108,pass_at_k_expected_solved,64,0.8,424.0,lean_only,"re-read (first attempt, batch 4096); fork lean_judge (Lean 4.34 alone); eval_set whole-proof sampling, max_new 512, batch 4096; sample seed 0",2026-10-02,recomputed,fork:dan_evidence-atlas:artifacts/atlas/b4096_partial/eval/c0t1_s0__dev.jsonl,dev1108|k64|T0.8|lean_only
ours-3.2M-C0-wp-cap6,ds-generator/ckpts/ladder/la_T1_c0_s0_r8.pt (3.2M lean_seq whole proof),3.2M,lean_seq,scratch,cap-6 control (depth3 f0 a1) 155k + T1 ladder r8,6,T1,0,holdout250,250,solved,256,0.8,104,lean_only,"re-read (first attempt, batch 4096); fork lean_judge (Lean 4.34 alone); eval_set whole-proof sampling, max_new 512, batch 4096; sample seed 0",2026-10-02,recomputed,fork:dan_evidence-atlas:artifacts/atlas/b4096_partial/eval/c0t1_s0__h250.jsonl,holdout250|k256|T0.8|lean_only
ours-3.2M-C0-wp-cap6,ds-generator/ckpts/ladder/la_T1_c0_s0_r8.pt (3.2M lean_seq whole proof),3.2M,lean_seq,scratch,cap-6 control (depth3 f0 a1) 155k + T1 ladder r8,6,T1,0,holdout250,250,pass_at_k_expected_solved,1,0.8,62.406,lean_only,"re-read (first attempt, batch 4096); fork lean_judge (Lean 4.34 alone); eval_set whole-proof sampling, max_new 512, batch 4096; sample seed 0",2026-10-02,recomputed,fork:dan_evidence-atlas:artifacts/atlas/b4096_partial/eval/c0t1_s0__h250.jsonl,holdout250|k256|T0.8|lean_only
ours-3.2M-C0-wp-cap6,ds-generator/ckpts/ladder/la_T1_c0_s0_r8.pt (3.2M lean_seq whole proof),3.2M,lean_seq,scratch,cap-6 control (depth3 f0 a1) 155k + T1 ladder r8,6,T1,0,holdout250,250,pass_at_k_expected_solved,4,0.8,78.972,lean_only,"re-read (first attempt, batch 4096); fork lean_judge (Lean 4.34 alone); eval_set whole-proof sampling, max_new 512, batch 4096; sample seed 0",2026-10-02,recomputed,fork:dan_evidence-atlas:artifacts/atlas/b4096_partial/eval/c0t1_s0__h250.jsonl,holdout250|k256|T0.8|lean_only
ours-3.2M-C0-wp-cap6,ds-generator/ckpts/ladder/la_T1_c0_s0_r8.pt (3.2M lean_seq whole proof),3.2M,lean_seq,scratch,cap-6 control (depth3 f0 a1) 155k + T1 ladder r8,6,T1,0,holdout250,250,pass_at_k_expected_solved,16,0.8,90.401,lean_only,"re-read (first attempt, batch 4096); fork lean_judge (Lean 4.34 alone); eval_set whole-proof sampling, max_new 512, batch 4096; sample seed 0",2026-10-02,recomputed,fork:dan_evidence-atlas:artifacts/atlas/b4096_partial/eval/c0t1_s0__h250.jsonl,holdout250|k256|T0.8|lean_only
ours-3.2M-C0-wp-cap6,ds-generator/ckpts/ladder/la_T1_c0_s0_r8.pt (3.2M lean_seq whole proof),3.2M,lean_seq,scratch,cap-6 control (depth3 f0 a1) 155k + T1 ladder r8,6,T1,0,holdout250,250,pass_at_k_expected_solved,64,0.8,98.402,lean_only,"re-read (first attempt, batch 4096); fork lean_judge (Lean 4.34 alone); eval_set whole-proof sampling, max_new 512, batch 4096; sample seed 0",2026-10-02,recomputed,fork:dan_evidence-atlas:artifacts/atlas/b4096_partial/eval/c0t1_s0__h250.jsonl,holdout250|k256|T0.8|lean_only
ours-3.2M-C0-wp-cap6,ds-generator/ckpts/ladder/la_T1_c0_s0_r8.pt (3.2M lean_seq whole proof),3.2M,lean_seq,scratch,cap-6 control (depth3 f0 a1) 155k + T1 ladder r8,6,T1,0,holdout250,250,pass_at_k_expected_solved,256,0.8,104.0,lean_only,"re-read (first attempt, batch 4096); fork lean_judge (Lean 4.34 alone); eval_set whole-proof sampling, max_new 512, batch 4096; sample seed 0",2026-10-02,recomputed,fork:dan_evidence-atlas:artifacts/atlas/b4096_partial/eval/c0t1_s0__h250.jsonl,holdout250|k256|T0.8|lean_only
ours-3.2M-C0-wp-cap6,ds-generator/ckpts/ladder/la_T1_c0_s1_r8.pt (3.2M lean_seq whole proof),3.2M,lean_seq,scratch,cap-6 control (depth3 f0 a1) 155k + T1 ladder r8,6,T1,1,dev1108,1108,solved,64,0.8,460,lean_only,"re-read (first attempt, batch 4096); fork lean_judge (Lean 4.34 alone); eval_set whole-proof sampling, max_new 512, batch 4096; sample seed 0",2026-10-02,recomputed,fork:dan_evidence-atlas:artifacts/atlas/b4096_partial/eval/c0t1_s1__dev.jsonl,dev1108|k64|T0.8|lean_only
ours-3.2M-C0-wp-cap6,ds-generator/ckpts/ladder/la_T1_c0_s1_r8.pt (3.2M lean_seq whole proof),3.2M,lean_seq,scratch,cap-6 control (depth3 f0 a1) 155k + T1 ladder r8,6,T1,1,dev1108,1108,pass_at_k_expected_solved,1,0.8,311.516,lean_only,"re-read (first attempt, batch 4096); fork lean_judge (Lean 4.34 alone); eval_set whole-proof sampling, max_new 512, batch 4096; sample seed 0",2026-10-02,recomputed,fork:dan_evidence-atlas:artifacts/atlas/b4096_partial/eval/c0t1_s1__dev.jsonl,dev1108|k64|T0.8|lean_only
ours-3.2M-C0-wp-cap6,ds-generator/ckpts/ladder/la_T1_c0_s1_r8.pt (3.2M lean_seq whole proof),3.2M,lean_seq,scratch,cap-6 control (depth3 f0 a1) 155k + T1 ladder r8,6,T1,1,dev1108,1108,pass_at_k_expected_solved,4,0.8,384.018,lean_only,"re-read (first attempt, batch 4096); fork lean_judge (Lean 4.34 alone); eval_set whole-proof sampling, max_new 512, batch 4096; sample seed 0",2026-10-02,recomputed,fork:dan_evidence-atlas:artifacts/atlas/b4096_partial/eval/c0t1_s1__dev.jsonl,dev1108|k64|T0.8|lean_only
ours-3.2M-C0-wp-cap6,ds-generator/ckpts/ladder/la_T1_c0_s1_r8.pt (3.2M lean_seq whole proof),3.2M,lean_seq,scratch,cap-6 control (depth3 f0 a1) 155k + T1 ladder r8,6,T1,1,dev1108,1108,pass_at_k_expected_solved,16,0.8,427.773,lean_only,"re-read (first attempt, batch 4096); fork lean_judge (Lean 4.34 alone); eval_set whole-proof sampling, max_new 512, batch 4096; sample seed 0",2026-10-02,recomputed,fork:dan_evidence-atlas:artifacts/atlas/b4096_partial/eval/c0t1_s1__dev.jsonl,dev1108|k64|T0.8|lean_only
ours-3.2M-C0-wp-cap6,ds-generator/ckpts/ladder/la_T1_c0_s1_r8.pt (3.2M lean_seq whole proof),3.2M,lean_seq,scratch,cap-6 control (depth3 f0 a1) 155k + T1 ladder r8,6,T1,1,dev1108,1108,pass_at_k_expected_solved,64,0.8,460.0,lean_only,"re-read (first attempt, batch 4096); fork lean_judge (Lean 4.34 alone); eval_set whole-proof sampling, max_new 512, batch 4096; sample seed 0",2026-10-02,recomputed,fork:dan_evidence-atlas:artifacts/atlas/b4096_partial/eval/c0t1_s1__dev.jsonl,dev1108|k64|T0.8|lean_only
ours-3.2M-C0-wp-cap6,ds-generator/ckpts/ladder/la_T1_c0_s1_r8.pt (3.2M lean_seq whole proof),3.2M,lean_seq,scratch,cap-6 control (depth3 f0 a1) 155k + T1 ladder r8,6,T1,1,holdout250,250,solved,256,0.8,105,lean_only,"re-read (first attempt, batch 4096); fork lean_judge (Lean 4.34 alone); eval_set whole-proof sampling, max_new 512, batch 4096; sample seed 0",2026-10-02,recomputed,fork:dan_evidence-atlas:artifacts/atlas/b4096_partial/eval/c0t1_s1__h250.jsonl,holdout250|k256|T0.8|lean_only
ours-3.2M-C0-wp-cap6,ds-generator/ckpts/ladder/la_T1_c0_s1_r8.pt (3.2M lean_seq whole proof),3.2M,lean_seq,scratch,cap-6 control (depth3 f0 a1) 155k + T1 ladder r8,6,T1,1,holdout250,250,pass_at_k_expected_solved,1,0.8,62.633,lean_only,"re-read (first attempt, batch 4096); fork lean_judge (Lean 4.34 alone); eval_set whole-proof sampling, max_new 512, batch 4096; sample seed 0",2026-10-02,recomputed,fork:dan_evidence-atlas:artifacts/atlas/b4096_partial/eval/c0t1_s1__h250.jsonl,holdout250|k256|T0.8|lean_only
ours-3.2M-C0-wp-cap6,ds-generator/ckpts/ladder/la_T1_c0_s1_r8.pt (3.2M lean_seq whole proof),3.2M,lean_seq,scratch,cap-6 control (depth3 f0 a1) 155k + T1 ladder r8,6,T1,1,holdout250,250,pass_at_k_expected_solved,4,0.8,77.823,lean_only,"re-read (first attempt, batch 4096); fork lean_judge (Lean 4.34 alone); eval_set whole-proof sampling, max_new 512, batch 4096; sample seed 0",2026-10-02,recomputed,fork:dan_evidence-atlas:artifacts/atlas/b4096_partial/eval/c0t1_s1__h250.jsonl,holdout250|k256|T0.8|lean_only
ours-3.2M-C0-wp-cap6,ds-generator/ckpts/ladder/la_T1_c0_s1_r8.pt (3.2M lean_seq whole proof),3.2M,lean_seq,scratch,cap-6 control (depth3 f0 a1) 155k + T1 ladder r8,6,T1,1,holdout250,250,pass_at_k_expected_solved,16,0.8,88.785,lean_only,"re-read (first attempt, batch 4096); fork lean_judge (Lean 4.34 alone); eval_set whole-proof sampling, max_new 512, batch 4096; sample seed 0",2026-10-02,recomputed,fork:dan_evidence-atlas:artifacts/atlas/b4096_partial/eval/c0t1_s1__h250.jsonl,holdout250|k256|T0.8|lean_only
ours-3.2M-C0-wp-cap6,ds-generator/ckpts/ladder/la_T1_c0_s1_r8.pt (3.2M lean_seq whole proof),3.2M,lean_seq,scratch,cap-6 control (depth3 f0 a1) 155k + T1 ladder r8,6,T1,1,holdout250,250,pass_at_k_expected_solved,64,0.8,96.274,lean_only,"re-read (first attempt, batch 4096); fork lean_judge (Lean 4.34 alone); eval_set whole-proof sampling, max_new 512, batch 4096; sample seed 0",2026-10-02,recomputed,fork:dan_evidence-atlas:artifacts/atlas/b4096_partial/eval/c0t1_s1__h250.jsonl,holdout250|k256|T0.8|lean_only
ours-3.2M-C0-wp-cap6,ds-generator/ckpts/ladder/la_T1_c0_s1_r8.pt (3.2M lean_seq whole proof),3.2M,lean_seq,scratch,cap-6 control (depth3 f0 a1) 155k + T1 ladder r8,6,T1,1,holdout250,250,pass_at_k_expected_solved,256,0.8,105.0,lean_only,"re-read (first attempt, batch 4096); fork lean_judge (Lean 4.34 alone); eval_set whole-proof sampling, max_new 512, batch 4096; sample seed 0",2026-10-02,recomputed,fork:dan_evidence-atlas:artifacts/atlas/b4096_partial/eval/c0t1_s1__h250.jsonl,holdout250|k256|T0.8|lean_only
ours-3.2M-C0-wp-cap6,ds-generator/ckpts/ladder/la_T1_c0_s1_r8.pt (3.2M lean_seq whole proof),3.2M,lean_seq,scratch,cap-6 control (depth3 f0 a1) 155k + T1 ladder r8,6,T1,1,textbook72,72,solved,256,0.8,11,lean_only,"re-read (first attempt, batch 4096); fork lean_judge (Lean 4.34 alone); eval_set whole-proof sampling, max_new 512, batch 4096; sample seed 0",2026-10-02,recomputed,fork:dan_evidence-atlas:artifacts/atlas/b4096_partial/eval/c0t1_s1__tb72.jsonl,textbook72|k256|T0.8|lean_only
ours-3.2M-C0-wp-cap6,ds-generator/ckpts/ladder/la_T1_c0_s1_r8.pt (3.2M lean_seq whole proof),3.2M,lean_seq,scratch,cap-6 control (depth3 f0 a1) 155k + T1 ladder r8,6,T1,1,textbook72,72,pass_at_k_expected_solved,1,0.8,6.492,lean_only,"re-read (first attempt, batch 4096); fork lean_judge (Lean 4.34 alone); eval_set whole-proof sampling, max_new 512, batch 4096; sample seed 0",2026-10-02,recomputed,fork:dan_evidence-atlas:artifacts/atlas/b4096_partial/eval/c0t1_s1__tb72.jsonl,textbook72|k256|T0.8|lean_only
ours-3.2M-C0-wp-cap6,ds-generator/ckpts/ladder/la_T1_c0_s1_r8.pt (3.2M lean_seq whole proof),3.2M,lean_seq,scratch,cap-6 control (depth3 f0 a1) 155k + T1 ladder r8,6,T1,1,textbook72,72,pass_at_k_expected_solved,4,0.8,8.651,lean_only,"re-read (first attempt, batch 4096); fork lean_judge (Lean 4.34 alone); eval_set whole-proof sampling, max_new 512, batch 4096; sample seed 0",2026-10-02,recomputed,fork:dan_evidence-atlas:artifacts/atlas/b4096_partial/eval/c0t1_s1__tb72.jsonl,textbook72|k256|T0.8|lean_only
ours-3.2M-C0-wp-cap6,ds-generator/ckpts/ladder/la_T1_c0_s1_r8.pt (3.2M lean_seq whole proof),3.2M,lean_seq,scratch,cap-6 control (depth3 f0 a1) 155k + T1 ladder r8,6,T1,1,textbook72,72,pass_at_k_expected_solved,16,0.8,10.108,lean_only,"re-read (first attempt, batch 4096); fork lean_judge (Lean 4.34 alone); eval_set whole-proof sampling, max_new 512, batch 4096; sample seed 0",2026-10-02,recomputed,fork:dan_evidence-atlas:artifacts/atlas/b4096_partial/eval/c0t1_s1__tb72.jsonl,textbook72|k256|T0.8|lean_only
ours-3.2M-C0-wp-cap6,ds-generator/ckpts/ladder/la_T1_c0_s1_r8.pt (3.2M lean_seq whole proof),3.2M,lean_seq,scratch,cap-6 control (depth3 f0 a1) 155k + T1 ladder r8,6,T1,1,textbook72,72,pass_at_k_expected_solved,64,0.8,10.686,lean_only,"re-read (first attempt, batch 4096); fork lean_judge (Lean 4.34 alone); eval_set whole-proof sampling, max_new 512, batch 4096; sample seed 0",2026-10-02,recomputed,fork:dan_evidence-atlas:artifacts/atlas/b4096_partial/eval/c0t1_s1__tb72.jsonl,textbook72|k256|T0.8|lean_only
ours-3.2M-C0-wp-cap6,ds-generator/ckpts/ladder/la_T1_c0_s1_r8.pt (3.2M lean_seq whole proof),3.2M,lean_seq,scratch,cap-6 control (depth3 f0 a1) 155k + T1 ladder r8,6,T1,1,textbook72,72,pass_at_k_expected_solved,256,0.8,11.0,lean_only,"re-read (first attempt, batch 4096); fork lean_judge (Lean 4.34 alone); eval_set whole-proof sampling, max_new 512, batch 4096; sample seed 0",2026-10-02,recomputed,fork:dan_evidence-atlas:artifacts/atlas/b4096_partial/eval/c0t1_s1__tb72.jsonl,textbook72|k256|T0.8|lean_only
ours-3.2M-K12-wp-cap12,cap-horizon/ckpts/kh/stage1_k12_s0.pt (3.2M lean_seq whole proof),3.2M,lean_seq,scratch,K12 155k,12,frozen,0,textbook72,72,solved,256,0.8,17,lean_only,"re-read (first attempt, batch 4096); fork lean_judge (Lean 4.34 alone); eval_set whole-proof sampling, max_new 512, batch 4096; sample seed 0",2026-10-02,recomputed,fork:dan_evidence-atlas:artifacts/atlas/b4096_partial/eval/k12fz_s0__tb72.jsonl,textbook72|k256|T0.8|lean_only
ours-3.2M-K12-wp-cap12,cap-horizon/ckpts/kh/stage1_k12_s0.pt (3.2M lean_seq whole proof),3.2M,lean_seq,scratch,K12 155k,12,frozen,0,textbook72,72,pass_at_k_expected_solved,1,0.8,7.594,lean_only,"re-read (first attempt, batch 4096); fork lean_judge (Lean 4.34 alone); eval_set whole-proof sampling, max_new 512, batch 4096; sample seed 0",2026-10-02,recomputed,fork:dan_evidence-atlas:artifacts/atlas/b4096_partial/eval/k12fz_s0__tb72.jsonl,textbook72|k256|T0.8|lean_only
ours-3.2M-K12-wp-cap12,cap-horizon/ckpts/kh/stage1_k12_s0.pt (3.2M lean_seq whole proof),3.2M,lean_seq,scratch,K12 155k,12,frozen,0,textbook72,72,pass_at_k_expected_solved,4,0.8,9.895,lean_only,"re-read (first attempt, batch 4096); fork lean_judge (Lean 4.34 alone); eval_set whole-proof sampling, max_new 512, batch 4096; sample seed 0",2026-10-02,recomputed,fork:dan_evidence-atlas:artifacts/atlas/b4096_partial/eval/k12fz_s0__tb72.jsonl,textbook72|k256|T0.8|lean_only
ours-3.2M-K12-wp-cap12,cap-horizon/ckpts/kh/stage1_k12_s0.pt (3.2M lean_seq whole proof),3.2M,lean_seq,scratch,K12 155k,12,frozen,0,textbook72,72,pass_at_k_expected_solved,16,0.8,11.638,lean_only,"re-read (first attempt, batch 4096); fork lean_judge (Lean 4.34 alone); eval_set whole-proof sampling, max_new 512, batch 4096; sample seed 0",2026-10-02,recomputed,fork:dan_evidence-atlas:artifacts/atlas/b4096_partial/eval/k12fz_s0__tb72.jsonl,textbook72|k256|T0.8|lean_only
ours-3.2M-K12-wp-cap12,cap-horizon/ckpts/kh/stage1_k12_s0.pt (3.2M lean_seq whole proof),3.2M,lean_seq,scratch,K12 155k,12,frozen,0,textbook72,72,pass_at_k_expected_solved,64,0.8,14.472,lean_only,"re-read (first attempt, batch 4096); fork lean_judge (Lean 4.34 alone); eval_set whole-proof sampling, max_new 512, batch 4096; sample seed 0",2026-10-02,recomputed,fork:dan_evidence-atlas:artifacts/atlas/b4096_partial/eval/k12fz_s0__tb72.jsonl,textbook72|k256|T0.8|lean_only
ours-3.2M-K12-wp-cap12,cap-horizon/ckpts/kh/stage1_k12_s0.pt (3.2M lean_seq whole proof),3.2M,lean_seq,scratch,K12 155k,12,frozen,0,textbook72,72,pass_at_k_expected_solved,256,0.8,17.0,lean_only,"re-read (first attempt, batch 4096); fork lean_judge (Lean 4.34 alone); eval_set whole-proof sampling, max_new 512, batch 4096; sample seed 0",2026-10-02,recomputed,fork:dan_evidence-atlas:artifacts/atlas/b4096_partial/eval/k12fz_s0__tb72.jsonl,textbook72|k256|T0.8|lean_only
ours-3.2M-K12-wp-cap12,cap-horizon/ckpts/kh/stage1_k12_s1.pt (3.2M lean_seq whole proof),3.2M,lean_seq,scratch,K12 155k,12,frozen,1,textbook72,72,solved,256,0.8,18,lean_only,"re-read (first attempt, batch 4096); fork lean_judge (Lean 4.34 alone); eval_set whole-proof sampling, max_new 512, batch 4096; sample seed 0",2026-10-02,recomputed,fork:dan_evidence-atlas:artifacts/atlas/b4096_partial/eval/k12fz_s1__tb72.jsonl,textbook72|k256|T0.8|lean_only
ours-3.2M-K12-wp-cap12,cap-horizon/ckpts/kh/stage1_k12_s1.pt (3.2M lean_seq whole proof),3.2M,lean_seq,scratch,K12 155k,12,frozen,1,textbook72,72,pass_at_k_expected_solved,1,0.8,6.445,lean_only,"re-read (first attempt, batch 4096); fork lean_judge (Lean 4.34 alone); eval_set whole-proof sampling, max_new 512, batch 4096; sample seed 0",2026-10-02,recomputed,fork:dan_evidence-atlas:artifacts/atlas/b4096_partial/eval/k12fz_s1__tb72.jsonl,textbook72|k256|T0.8|lean_only
ours-3.2M-K12-wp-cap12,cap-horizon/ckpts/kh/stage1_k12_s1.pt (3.2M lean_seq whole proof),3.2M,lean_seq,scratch,K12 155k,12,frozen,1,textbook72,72,pass_at_k_expected_solved,4,0.8,9.666,lean_only,"re-read (first attempt, batch 4096); fork lean_judge (Lean 4.34 alone); eval_set whole-proof sampling, max_new 512, batch 4096; sample seed 0",2026-10-02,recomputed,fork:dan_evidence-atlas:artifacts/atlas/b4096_partial/eval/k12fz_s1__tb72.jsonl,textbook72|k256|T0.8|lean_only
ours-3.2M-K12-wp-cap12,cap-horizon/ckpts/kh/stage1_k12_s1.pt (3.2M lean_seq whole proof),3.2M,lean_seq,scratch,K12 155k,12,frozen,1,textbook72,72,pass_at_k_expected_solved,16,0.8,12.898,lean_only,"re-read (first attempt, batch 4096); fork lean_judge (Lean 4.34 alone); eval_set whole-proof sampling, max_new 512, batch 4096; sample seed 0",2026-10-02,recomputed,fork:dan_evidence-atlas:artifacts/atlas/b4096_partial/eval/k12fz_s1__tb72.jsonl,textbook72|k256|T0.8|lean_only
ours-3.2M-K12-wp-cap12,cap-horizon/ckpts/kh/stage1_k12_s1.pt (3.2M lean_seq whole proof),3.2M,lean_seq,scratch,K12 155k,12,frozen,1,textbook72,72,pass_at_k_expected_solved,64,0.8,16.055,lean_only,"re-read (first attempt, batch 4096); fork lean_judge (Lean 4.34 alone); eval_set whole-proof sampling, max_new 512, batch 4096; sample seed 0",2026-10-02,recomputed,fork:dan_evidence-atlas:artifacts/atlas/b4096_partial/eval/k12fz_s1__tb72.jsonl,textbook72|k256|T0.8|lean_only
ours-3.2M-K12-wp-cap12,cap-horizon/ckpts/kh/stage1_k12_s1.pt (3.2M lean_seq whole proof),3.2M,lean_seq,scratch,K12 155k,12,frozen,1,textbook72,72,pass_at_k_expected_solved,256,0.8,18.0,lean_only,"re-read (first attempt, batch 4096); fork lean_judge (Lean 4.34 alone); eval_set whole-proof sampling, max_new 512, batch 4096; sample seed 0",2026-10-02,recomputed,fork:dan_evidence-atlas:artifacts/atlas/b4096_partial/eval/k12fz_s1__tb72.jsonl,textbook72|k256|T0.8|lean_only
