read,solved_512,solved_1024,trunc_512,trunc_1024,only_512,only_1024
c0fz_s0__dev,54,54,0.001185,0.001072,0,0
c0fz_s0__tb72,12,12,0.002062,0.001899,0,0
c0fz_s1__dev,36,36,0.001495,0.00079,0,0
c0t1_s0__tb72,15,15,0.002441,0.002333,0,0
c0t1_s1__dev,465,465,0.001382,0.000649,0,0
k12fz_s0__dev,415,415,0.001692,0.000888,0,0
k12fz_s0__h250,115,115,0.001391,0.000656,0,0
k12fz_s0__tb72,21,21,0.001302,0.001302,0,0
k12fz_s1__dev,384,384,0.001467,0.000183,0,0
k12fz_s1__h250,104,104,0.002578,6.3e-05,0,0
k12fz_s1__tb72,21,21,0.001628,0.00076,0,0
