arm	cell	seed	data_seed	rep	gpu_seconds	train_steps	train_tokens	attempts	lean_checks
m2_grid	i0_d100	0	100		133.6	6000	106573486	5000	5000
m2_rep	i0_d100_r1	0	100	r1	123.0	6000	106573486	5000	5000
m2_rep	i0_d100_r2	0	100	r2	122.4	6000	106573486	5000	5000
m2_rep	i0_d100_r3	0	100	r3	124.2	6000	106573486	5000	5000
m2_rep	i0_d100_r4	0	100	r4	124.1	6000	106573486	5000	5000
m2_rep	i0_d100_r5	0	100	r5	124.2	6000	106573486	5000	5000
m2_rep	i0_d100_r6	0	100	r6	125.3	6000	106573486	5000	5000
m2_rep	i0_d100_r7	0	100	r7	127.4	6000	106573486	5000	5000
m2_rep	i0_d100_r8	0	100	r8	124.2	6000	106573486	5000	5000
m2_grid	i0_d101	0	101		238.6	6000	106569659	5000	5000
m2_grid	i0_d102	0	102		122.6	6000	106570728	5000	5000
m2_grid	i0_d103	0	103		115.3	6000	106572651	5000	5000
m2_grid	i0_d104	0	104		127.9	6000	106573686	5000	5000
m2_grid	i0_d105	0	105		115.9	6000	106573287	5000	5000
m2_grid	i0_d106	0	106		129.5	6000	106577005	5000	5000
m2_grid	i0_d107	0	107		115.9	6000	106571463	5000	5000
m2_grid	i1_d100	1	100		115.9	6000	106573486	5000	5000
m2_grid	i1_d101	1	101		126.6	6000	106569659	5000	5000
m2_grid	i1_d102	1	102		115.9	6000	106570728	5000	5000
m2_grid	i1_d103	1	103		130.5	6000	106572651	5000	5000
m2_grid	i1_d104	1	104		115.9	6000	106573686	5000	5000
m2_grid	i1_d105	1	105		127.6	6000	106573287	5000	5000
m2_grid	i1_d106	1	106		118.4	6000	106577005	5000	5000
m2_grid	i1_d107	1	107		122.6	6000	106571463	5000	5000
m2_grid	i2_d100	2	100		121.5	6000	106573486	5000	5000
m2_grid	i2_d101	2	101		115.8	6000	106569659	5000	5000
m2_grid	i2_d102	2	102		121.7	6000	106570728	5000	5000
m2_grid	i2_d103	2	103		155.6	6000	106572651	5000	5000
m2_grid	i2_d104	2	104		122.1	6000	106573686	5000	5000
m2_grid	i2_d105	2	105		233.9	6000	106573287	5000	5000
m2_grid	i2_d106	2	106		119.4	6000	106577005	5000	5000
m2_grid	i2_d107	2	107		115.8	6000	106571463	5000	5000
m2_grid	i3_d100	3	100		115.7	6000	106573486	5000	5000
m2_grid	i3_d101	3	101		121.7	6000	106569659	5000	5000
m2_grid	i3_d102	3	102		115.5	6000	106570728	5000	5000
m2_grid	i3_d103	3	103		122.8	6000	106572651	5000	5000
m2_grid	i3_d104	3	104		115.7	6000	106573686	5000	5000
m2_grid	i3_d105	3	105		121.7	6000	106573287	5000	5000
m2_grid	i3_d106	3	106		141.2	6000	106577005	5000	5000
m2_grid	i3_d107	3	107		121.8	6000	106571463	5000	5000
m2_grid	i4_d100	4	100		121.7	6000	106573486	5000	5000
m2_grid	i4_d101	4	101		138.8	6000	106569659	5000	5000
m2_grid	i4_d102	4	102		121.9	6000	106570728	5000	5000
m2_grid	i4_d103	4	103		124.4	6000	106572651	5000	5000
m2_grid	i4_d104	4	104		122.6	6000	106573686	5000	5000
m2_grid	i4_d105	4	105		125.3	6000	106573287	5000	5000
m2_grid	i4_d106	4	106		119.3	6000	106577005	5000	5000
m2_grid	i4_d107	4	107		124.1	6000	106571463	5000	5000
m2_grid	i5_d100	5	100		124.1	6000	106573486	5000	5000
m2_grid	i5_d101	5	101		121.8	6000	106569659	5000	5000
m2_grid	i5_d102	5	102		123.1	6000	106570728	5000	5000
m2_grid	i5_d103	5	103		121.6	6000	106572651	5000	5000
m2_grid	i5_d104	5	104		124.2	6000	106573686	5000	5000
m2_grid	i5_d105	5	105		121.5	6000	106573287	5000	5000
m2_grid	i5_d106	5	106		132.6	6000	106577005	5000	5000
m2_grid	i5_d107	5	107		121.6	6000	106571463	5000	5000
m2_grid	i6_d100	6	100		120.5	6000	106573486	5000	5000
m2_grid	i6_d101	6	101		123.2	6000	106569659	5000	5000
m2_grid	i6_d102	6	102		121.5	6000	106570728	5000	5000
m2_grid	i6_d103	6	103		125.1	6000	106572651	5000	5000
m2_grid	i6_d104	6	104		121.7	6000	106573686	5000	5000
m2_grid	i6_d105	6	105		125.4	6000	106573287	5000	5000
m2_grid	i6_d106	6	106		120.6	6000	106577005	5000	5000
m2_grid	i6_d107	6	107		123.1	6000	106571463	5000	5000
m2_grid	i7_d100	7	100		124.2	6000	106573486	5000	5000
m2_grid	i7_d101	7	101		123.7	6000	106569659	5000	5000
m2_grid	i7_d102	7	102		124.4	6000	106570728	5000	5000
m2_grid	i7_d103	7	103		123.5	6000	106572651	5000	5000
m2_grid	i7_d104	7	104		126.3	6000	106573686	5000	5000
m2_grid	i7_d105	7	105		122.2	6000	106573287	5000	5000
m2_grid	i7_d106	7	106		121.0	6000	106577005	5000	5000
m2_grid	i7_d107	7	107		123.1	6000	106571463	5000	5000
m2_repro	full_legacy_p1_s0	0	0		228.3	6000		0	0
m2_repro	new_fast	0	0		19.9	300		0	0
m2_repro	new_legacy	0	0		19.8	300		0	0
m2_repro	newx_fast	0	0		18.9	300		0	0
m2_repro	newx_legacy	0	0		19.8	300		0	0
m2_repro	orig_fast	0	0		11.6	300		0	0
m2_repro	orig_legacy	0	0		19.7	300		0	0
