arm	seed	round	phase	gpu_seconds	cpu_seconds	gen_tokens	attempts	actions	train_steps	train_tokens	lean_checks	lean_s	gpu
None	0	None	job	624.4	0.0	0	0	0	7200	450730800	0	0.0	NVIDIA A40
None	1	None	job	56.9	0.0	0	0	0	600	37560900	0	0.0	NVIDIA A40
None	2	None	job	61.5	0.0	0	0	0	600	37560900	0	0.0	NVIDIA A40
None	None	None	bench	0.0	0.0	0	0	0	200	12496799	0	0.0	
cr_grpo	0	1	eval	8.4	0.0	57799	450	0	0	0	0	0.0	NVIDIA A40
cr_grpo	0	1	sample	4.1	0.0	82276	1536	0	0	0	199	1.9	NVIDIA A40
cr_grpo	0	1	update	0.3	0.0	0	0	0	3	4778	0	0.0	NVIDIA A40
cr_grpo	0	2	eval	7.6	0.0	57521	450	0	0	0	0	0.0	NVIDIA A40
cr_grpo	0	2	sample	2.3	0.0	81699	1536	0	0	0	12	0.8	NVIDIA A40
cr_grpo	0	2	update	0.0	0.0	0	0	0	1	808	0	0.0	NVIDIA A40
cr_grpo	0	None	job	2.7	0.0	0	0	0	0	0	0	0.0	NVIDIA A40
cr_ladder	0	1	eval	3.7	0.0	220005	1850	0	0	0	189	1.4	NVIDIA A40
cr_ladder	0	1	finetune	3.7	0.0	0	0	0	0	0	0	0.0	NVIDIA A40
cr_ladder	0	1	sample	5.8	0.0	819285	6400	0	0	0	0	0.0	NVIDIA A40
cr_ladder	0	None	job	0.9	0.0	0	0	0	0	0	0	0.0	NVIDIA A40
cr_ladder2	0	1	eval	3.7	0.0	235077	1850	0	0	0	0	0.0	NVIDIA A40
cr_ladder2	0	1	finetune	24.8	0.0	0	0	0	300	4540890	0	0.0	NVIDIA A40
cr_ladder2	0	1	sample	6.3	0.0	344899	6400	0	0	0	4766	25.1	NVIDIA A40
cr_ladder2	0	2	eval	3.7	0.0	237584	1850	0	0	0	0	0.0	NVIDIA A40
cr_ladder2	0	2	finetune	27.2	0.0	0	0	0	300	4563097	0	0.0	NVIDIA A40
cr_ladder2	0	2	sample	5.7	0.0	351583	6400	0	0	0	4871	21.1	NVIDIA A40
cr_ladder2	0	None	job	3.7	0.0	0	0	0	0	0	0	0.0	NVIDIA A40
gpu_check	0	None	sample_check	3.9	0.0	513325	4000	0	0	0	0	0.0	NVIDIA A40
